id,visited_at,customer_id,gclid,landing_page,device_category,_fivetran_synced
1,2026-04-14T05:44:59Z,30,,/products,desktop,2026-04-14T19:17:00Z
2,2026-01-08T08:05:47Z,,gclid-3-6ekhi1rd5b,/blog/sizing-guide,tablet,2026-01-08T02:12:00Z
3,2025-12-01T03:28:05Z,38,,/products,tablet,2025-12-01T15:19:00Z
4,2026-01-17T00:37:27Z,29,,/blog/sizing-guide,tablet,2026-01-17T06:37:00Z
5,2026-05-18T20:39:48Z,27,,/checkout,mobile,2026-05-18T15:40:00Z
6,2025-06-30T10:32:30Z,,,/products/tee,mobile,2025-06-30T17:15:00Z
7,2025-09-22T08:43:35Z,,,/,desktop,2025-09-22T15:00:00Z
8,2025-09-11T16:30:31Z,28,gclid-10-d5my3gdilk,/blog/sizing-guide,tablet,2025-09-11T15:06:00Z
9,2026-03-17T09:59:39Z,,gclid-11-f124vf89x2,/blog/sizing-guide,tablet,2026-03-17T08:14:00Z
10,2025-08-13T15:59:54Z,20,,/products/tee,tablet,2025-08-13T11:53:00Z
11,2026-04-17T10:28:19Z,27,,/,mobile,2026-04-17T01:26:00Z
12,2025-09-29T20:51:08Z,,,/,tablet,2025-09-29T06:13:00Z
13,2026-03-05T22:16:18Z,28,,/blog/sizing-guide,mobile,2026-03-05T10:35:00Z
14,2026-01-12T23:12:51Z,,gclid-9-dilrzq8bxy,/about,mobile,2026-01-12T07:17:00Z
15,2026-02-05T18:24:03Z,,gclid-9-tpkq5c9035,/checkout,mobile,2026-02-05T18:12:00Z
16,2026-01-13T02:28:15Z,,,/about,mobile,2026-01-13T17:33:00Z
17,2026-05-24T09:44:01Z,,gclid-11-8n10hlinh8,/products/tee,mobile,2026-05-24T19:47:00Z
18,2025-04-12T04:07:41Z,32,,/blog/sizing-guide,desktop,2025-04-12T16:03:00Z
19,2025-12-19T11:01:36Z,33,,/blog/sizing-guide,mobile,2025-12-19T17:31:00Z
20,2025-08-23T18:21:40Z,6,gclid-4-t24d7v911p,/products/tee,mobile,2025-08-23T14:56:00Z
21,2026-06-25T23:09:41Z,37,,/products/tee,mobile,2026-06-25T16:49:00Z
22,2026-03-21T23:52:27Z,,,/products/tee,desktop,2026-03-21T19:53:00Z
23,2025-10-17T00:00:14Z,15,,/checkout,tablet,2025-10-17T10:34:00Z
24,2025-11-21T20:42:12Z,,,/products/tee,tablet,2025-11-21T18:09:00Z
25,2025-07-06T04:13:19Z,39,gclid-2-2t8llihkpj,/products,mobile,2025-07-06T00:08:00Z
26,2026-06-24T14:07:53Z,14,,/products/jacket,desktop,2026-06-24T14:28:00Z
27,2025-10-22T06:13:49Z,,,/,desktop,2025-10-22T16:58:00Z
28,2026-01-22T23:33:07Z,32,gclid-12-0lg92mjeqa,/blog/sizing-guide,mobile,2026-01-22T12:54:00Z
29,2025-05-22T11:23:19Z,,,/blog/sizing-guide,tablet,2025-05-22T09:14:00Z
30,2026-03-26T02:41:41Z,,,/,mobile,2026-03-26T23:41:00Z
31,2025-09-13T01:09:54Z,,gclid-5-sfqbvh0kw3,/products/jacket,desktop,2025-09-13T05:59:00Z
32,2025-12-22T04:47:51Z,8,,/blog/sizing-guide,desktop,2025-12-22T00:31:00Z
33,2025-07-14T09:25:40Z,,,/checkout,mobile,2025-07-14T00:50:00Z
34,2025-04-14T10:01:56Z,,,/products,mobile,2025-04-14T01:34:00Z
35,2025-10-11T19:46:33Z,23,gclid-8-d9er94tevw,/products/tee,mobile,2025-10-11T15:57:00Z
36,2025-08-10T04:20:42Z,,,/about,tablet,2025-08-10T03:30:00Z
37,2025-12-09T23:53:54Z,33,,/products,desktop,2025-12-09T07:42:00Z
38,2025-05-13T23:06:45Z,,,/,desktop,2025-05-13T07:16:00Z
39,2025-07-04T23:42:19Z,,,/about,tablet,2025-07-04T16:33:00Z
40,2026-01-21T08:48:57Z,,gclid-5-u7b6nbhgfb,/blog/sizing-guide,desktop,2026-01-21T05:25:00Z
41,2025-09-13T00:36:30Z,37,,/products/jacket,mobile,2025-09-13T06:29:00Z
42,2026-02-13T08:34:28Z,33,gclid-11-m6j3rtxyms,/,mobile,2026-02-13T13:41:00Z
43,2025-04-14T17:08:06Z,,gclid-4-ezemqt788g,/blog/sizing-guide,tablet,2025-04-14T06:09:00Z
44,2026-06-05T21:14:49Z,,gclid-12-s2utbtty9g,/products,desktop,2026-06-05T21:10:00Z
45,2026-02-20T20:54:39Z,,gclid-5-t8phb8oosp,/products/jacket,mobile,2026-02-20T10:08:00Z
46,2026-04-05T09:00:04Z,,gclid-10-h0vc1frf89,/products,mobile,2026-04-05T05:41:00Z
47,2025-11-01T12:37:12Z,15,gclid-9-fo0vyhfjlw,/checkout,mobile,2025-11-01T16:06:00Z
48,2026-05-01T20:38:30Z,,gclid-4-tvf51z58b4,/products/tee,desktop,2026-05-01T20:29:00Z
49,2025-11-05T18:10:56Z,,,/products/jacket,mobile,2025-11-05T07:33:00Z
50,2025-05-23T02:46:38Z,,,/products,tablet,2025-05-23T15:53:00Z
51,2026-03-26T13:26:03Z,,,/products/tee,tablet,2026-03-26T23:17:00Z
52,2025-08-07T20:32:21Z,,,/products/tee,desktop,2025-08-07T00:06:00Z
53,2026-04-01T15:15:37Z,,,/about,mobile,2026-04-01T03:49:00Z
54,2026-05-29T22:31:35Z,,,/checkout,tablet,2026-05-29T21:24:00Z
55,2025-04-22T19:06:37Z,,,/,tablet,2025-04-22T03:07:00Z
56,2026-04-27T07:23:37Z,,,/products/jacket,mobile,2026-04-27T22:47:00Z
57,2025-04-21T11:41:50Z,,,/blog/sizing-guide,tablet,2025-04-21T01:25:00Z
58,2026-05-22T20:47:49Z,,,/products,tablet,2026-05-22T05:01:00Z
59,2026-02-17T10:06:18Z,,,/about,mobile,2026-02-17T08:22:00Z
60,2026-05-25T21:22:22Z,29,,/blog/sizing-guide,desktop,2026-05-25T10:29:00Z
61,2026-03-24T20:16:49Z,36,,/about,mobile,2026-03-24T23:25:00Z
62,2026-04-21T11:49:52Z,,gclid-3-mw04i3dzxl,/products/jacket,tablet,2026-04-21T05:48:00Z
63,2025-10-13T06:16:54Z,29,,/products/tee,desktop,2025-10-13T05:20:00Z
64,2025-04-09T03:12:37Z,,,/about,tablet,2025-04-09T09:48:00Z
65,2026-01-12T17:11:25Z,6,,/,tablet,2026-01-12T19:58:00Z
66,2026-06-23T21:25:54Z,,gclid-12-o7d835kuc9,/products/jacket,desktop,2026-06-23T07:35:00Z
67,2025-06-19T21:17:01Z,,,/products,desktop,2025-06-19T07:28:00Z
68,2026-02-26T06:09:00Z,,gclid-16-4otuo4uw59,/about,mobile,2026-02-26T22:50:00Z
69,2025-10-04T08:27:23Z,,,/products,mobile,2025-10-04T17:22:00Z
70,2025-05-10T22:08:20Z,,,/products,tablet,2025-05-10T18:08:00Z
71,2025-05-20T16:45:30Z,39,,/products,tablet,2025-05-20T11:45:00Z
72,2026-03-26T20:35:52Z,,,/checkout,desktop,2026-03-26T14:39:00Z
73,2025-11-11T15:37:27Z,,gclid-1-uucm5fyczu,/about,desktop,2025-11-11T22:38:00Z
74,2025-12-08T13:45:48Z,,,/products,tablet,2025-12-08T14:19:00Z
75,2026-01-01T22:43:19Z,,,/checkout,mobile,2026-01-01T04:49:00Z
76,2026-01-02T21:37:20Z,,,/,tablet,2026-01-02T11:37:00Z
77,2025-06-01T02:39:04Z,,,/about,desktop,2025-06-01T07:38:00Z
78,2026-05-02T05:53:11Z,,gclid-4-ldozy2nr4g,/products/tee,mobile,2026-05-02T05:45:00Z
79,2025-11-07T08:31:05Z,,gclid-8-mxcqdj5cuy,/,desktop,2025-11-07T00:33:00Z
80,2025-04-07T00:20:24Z,,,/checkout,tablet,2025-04-07T11:54:00Z
81,2025-05-06T05:12:40Z,14,,/products/tee,desktop,2025-05-06T21:58:00Z
82,2025-06-19T19:23:36Z,,gclid-6-s3qw752e77,/,mobile,2025-06-19T21:11:00Z
83,2026-01-28T16:10:57Z,10,gclid-11-77tnqetmni,/blog/sizing-guide,mobile,2026-01-28T06:50:00Z
84,2025-10-24T01:22:03Z,,,/blog/sizing-guide,tablet,2025-10-24T22:48:00Z
85,2026-06-04T18:06:54Z,,,/products/tee,tablet,2026-06-04T18:36:00Z
86,2026-03-26T17:33:25Z,,,/products/tee,mobile,2026-03-26T04:28:00Z
87,2026-04-26T06:18:40Z,,,/,mobile,2026-04-26T00:31:00Z
88,2025-05-24T10:35:30Z,19,,/blog/sizing-guide,tablet,2025-05-24T22:03:00Z
89,2025-12-27T01:12:05Z,,,/checkout,tablet,2025-12-27T05:41:00Z
90,2025-09-08T23:03:34Z,,gclid-13-g8b350sgnz,/products,desktop,2025-09-08T14:11:00Z
91,2025-07-23T22:20:04Z,,,/checkout,tablet,2025-07-23T19:00:00Z
92,2025-04-24T12:13:57Z,,,/,desktop,2025-04-24T21:52:00Z
93,2026-05-31T10:11:24Z,26,,/,desktop,2026-05-31T04:38:00Z
94,2025-08-05T19:42:16Z,,,/checkout,tablet,2025-08-05T20:19:00Z
95,2025-07-14T20:47:58Z,,gclid-14-3n4g2jayb1,/products,tablet,2025-07-14T22:14:00Z
96,2025-05-07T20:07:07Z,,gclid-3-gl7jy7otku,/,desktop,2025-05-07T12:52:00Z
97,2026-06-28T06:05:35Z,34,,/,mobile,2026-06-28T15:06:00Z
98,2025-05-28T07:02:53Z,5,,/products,mobile,2025-05-28T19:23:00Z
99,2025-11-11T23:09:28Z,33,,/blog/sizing-guide,desktop,2025-11-11T06:46:00Z
100,2025-09-10T01:36:00Z,17,,/products,mobile,2025-09-10T14:12:00Z
101,2026-02-24T01:25:24Z,5,gclid-8-ggxp5cituf,/products/tee,desktop,2026-02-24T03:43:00Z
102,2025-05-04T13:33:34Z,,gclid-11-nfdinu31ei,/about,desktop,2025-05-04T18:34:00Z
103,2025-05-08T00:41:52Z,,,/about,mobile,2025-05-08T09:43:00Z
104,2026-02-10T12:28:58Z,,,/checkout,mobile,2026-02-10T11:40:00Z
105,2025-11-19T15:58:57Z,,gclid-12-ik08njf0pk,/,mobile,2025-11-19T13:45:00Z
106,2026-06-25T17:54:14Z,23,,/products,mobile,2026-06-25T13:56:00Z
107,2025-10-31T14:46:28Z,24,,/products/tee,mobile,2025-10-31T21:25:00Z
108,2025-06-08T23:33:13Z,,gclid-7-802nq52nlo,/products/jacket,desktop,2025-06-08T17:41:00Z
109,2025-11-18T09:57:53Z,,,/products/jacket,desktop,2025-11-18T06:13:00Z
110,2025-09-20T17:56:10Z,,,/products/jacket,desktop,2025-09-20T14:01:00Z
111,2026-03-22T06:24:36Z,37,,/blog/sizing-guide,desktop,2026-03-22T20:25:00Z
112,2026-01-20T06:09:26Z,9,,/blog/sizing-guide,mobile,2026-01-20T10:39:00Z
113,2026-04-26T19:33:47Z,7,,/blog/sizing-guide,desktop,2026-04-26T02:01:00Z
114,2025-04-05T01:21:54Z,,gclid-12-hfh4n6v3rz,/products/tee,mobile,2025-04-05T03:51:00Z
115,2026-01-13T05:57:56Z,,gclid-14-ftq9y69xfq,/blog/sizing-guide,desktop,2026-01-13T04:56:00Z
116,2025-10-13T15:24:30Z,24,gclid-15-vg688u595c,/products,tablet,2025-10-13T09:43:00Z
117,2025-10-19T04:07:59Z,,,/about,mobile,2025-10-19T09:45:00Z
118,2026-05-11T02:22:38Z,,,/checkout,tablet,2026-05-11T13:10:00Z
119,2025-10-04T08:12:32Z,,gclid-1-r6bilqpb01,/products/jacket,tablet,2025-10-04T02:21:00Z
120,2026-01-08T01:08:55Z,,,/about,tablet,2026-01-08T00:19:00Z
121,2025-10-12T06:57:30Z,18,,/about,mobile,2025-10-12T10:23:00Z
122,2026-05-17T16:54:50Z,,,/products,mobile,2026-05-17T23:16:00Z
123,2026-01-08T06:31:18Z,,gclid-3-2656ae1igc,/checkout,desktop,2026-01-08T02:55:00Z
124,2025-05-09T00:46:00Z,40,,/,desktop,2025-05-09T18:40:00Z
125,2026-06-21T14:40:55Z,,,/checkout,desktop,2026-06-21T01:45:00Z
126,2025-06-11T06:58:47Z,6,,/,mobile,2025-06-11T21:14:00Z
127,2025-07-17T01:45:05Z,,,/products,mobile,2025-07-17T06:45:00Z
128,2025-12-10T19:45:11Z,,,/checkout,desktop,2025-12-10T14:11:00Z
129,2025-12-16T00:05:11Z,35,,/checkout,desktop,2025-12-16T22:07:00Z
130,2026-03-26T02:12:11Z,,,/products,desktop,2026-03-26T12:40:00Z
131,2026-06-03T18:18:38Z,,,/products,mobile,2026-06-03T08:52:00Z
132,2025-09-24T23:15:33Z,,gclid-9-kfcr6c1py6,/products/jacket,desktop,2025-09-24T23:43:00Z
133,2025-05-16T10:37:49Z,39,,/about,desktop,2025-05-16T18:16:00Z
134,2026-04-08T10:28:22Z,,,/products/jacket,mobile,2026-04-08T15:20:00Z
135,2026-01-05T23:12:14Z,23,,/products/jacket,mobile,2026-01-05T14:20:00Z
136,2026-05-13T12:29:55Z,,,/products,tablet,2026-05-13T12:26:00Z
137,2025-04-13T04:50:20Z,,,/products,mobile,2025-04-13T11:00:00Z
138,2025-11-09T21:57:11Z,,gclid-7-dofmaok8ti,/products/jacket,tablet,2025-11-09T23:31:00Z
139,2025-11-08T13:54:10Z,,,/products/tee,desktop,2025-11-08T02:20:00Z
140,2026-03-28T15:38:18Z,,gclid-16-2oalfwypee,/products/tee,mobile,2026-03-28T23:23:00Z
141,2026-05-19T22:55:08Z,,,/,desktop,2026-05-19T14:23:00Z
142,2025-10-31T07:13:20Z,,,/products/tee,tablet,2025-10-31T15:50:00Z
143,2025-08-22T17:21:36Z,,,/products,mobile,2025-08-22T20:36:00Z
144,2025-07-27T22:37:39Z,,gclid-16-u6l5nfltq6,/about,mobile,2025-07-27T02:28:00Z
145,2025-10-17T06:50:49Z,4,gclid-16-iwl3rfjl9v,/checkout,desktop,2025-10-17T20:12:00Z
146,2026-01-31T19:07:18Z,,,/products,tablet,2026-01-31T16:18:00Z
147,2025-08-06T12:27:44Z,17,,/products,desktop,2025-08-06T09:01:00Z
148,2025-04-15T20:41:48Z,10,,/products/jacket,tablet,2025-04-15T12:35:00Z
149,2025-06-20T19:28:48Z,,,/products/jacket,mobile,2025-06-20T06:45:00Z
150,2026-02-05T14:18:10Z,2,,/,desktop,2026-02-05T10:35:00Z
151,2025-12-01T11:09:20Z,2,,/about,mobile,2025-12-01T20:20:00Z
152,2025-10-20T05:20:39Z,19,,/products/tee,tablet,2025-10-20T18:02:00Z
153,2026-06-27T16:03:46Z,5,,/,desktop,2026-06-27T04:06:00Z
154,2025-12-24T05:45:15Z,23,gclid-11-cmcoco2ztd,/products,mobile,2025-12-24T05:07:00Z
155,2026-04-26T08:14:15Z,,gclid-1-b4ibhif5sl,/blog/sizing-guide,tablet,2026-04-26T21:25:00Z
156,2025-04-10T16:48:18Z,,,/about,mobile,2025-04-10T17:04:00Z
157,2025-04-21T06:37:02Z,,gclid-1-mc5s3ofaww,/products/tee,tablet,2025-04-21T11:32:00Z
158,2025-10-16T05:53:12Z,13,,/products/tee,mobile,2025-10-16T12:07:00Z
159,2026-02-28T09:28:01Z,,,/about,tablet,2026-02-28T12:13:00Z
160,2025-07-04T03:02:24Z,,,/blog/sizing-guide,desktop,2025-07-04T06:48:00Z
161,2026-01-17T23:47:19Z,,,/checkout,mobile,2026-01-17T11:29:00Z
162,2025-04-28T20:40:14Z,,,/products/tee,desktop,2025-04-28T16:01:00Z
163,2025-09-06T00:13:53Z,32,gclid-13-zqo17rv2y7,/,tablet,2025-09-06T03:56:00Z
164,2025-04-01T00:39:03Z,,,/,mobile,2025-04-01T14:24:00Z
165,2026-04-09T18:10:06Z,13,gclid-14-0nkxkbefq7,/blog/sizing-guide,desktop,2026-04-09T03:58:00Z
166,2026-02-20T23:43:50Z,,gclid-16-ge0q5zjauc,/about,desktop,2026-02-20T06:04:00Z
167,2025-10-21T21:24:01Z,,gclid-15-o9ubc1kkr2,/,tablet,2025-10-21T08:55:00Z
168,2025-07-06T07:44:28Z,,,/,tablet,2025-07-06T13:35:00Z
169,2026-03-26T15:50:14Z,,,/products/tee,mobile,2026-03-26T02:38:00Z
170,2025-10-06T14:52:30Z,24,,/about,tablet,2025-10-06T17:09:00Z
171,2025-09-12T23:40:22Z,,,/products/tee,mobile,2025-09-12T11:49:00Z
172,2025-08-28T04:52:43Z,,,/checkout,mobile,2025-08-28T11:27:00Z
173,2025-05-15T19:16:56Z,,gclid-15-qty6m79fmw,/about,desktop,2025-05-15T18:08:00Z
174,2026-05-23T06:52:44Z,,,/,tablet,2026-05-23T17:02:00Z
175,2025-12-23T03:36:00Z,,gclid-6-0y2rl4n7s3,/products,tablet,2025-12-23T11:47:00Z
176,2025-10-26T22:48:06Z,,gclid-5-46ga2sdfc8,/products,mobile,2025-10-26T09:52:00Z
177,2025-07-17T17:40:06Z,2,,/,mobile,2025-07-17T03:13:00Z
178,2025-07-05T21:04:04Z,,gclid-14-8xavmnkw7w,/checkout,desktop,2025-07-05T21:31:00Z
179,2025-04-17T15:20:22Z,,gclid-13-11pv58y9n8,/blog/sizing-guide,desktop,2025-04-17T15:16:00Z
180,2026-01-04T02:05:15Z,,,/,mobile,2026-01-04T12:47:00Z
181,2025-09-20T07:38:30Z,29,gclid-7-wdyvybscgj,/checkout,mobile,2025-09-20T17:41:00Z
182,2026-04-06T01:16:37Z,,gclid-6-6kfkldf4hr,/,mobile,2026-04-06T23:51:00Z
183,2026-03-01T05:49:24Z,22,gclid-16-iqz6df08up,/products/tee,tablet,2026-03-01T13:01:00Z
184,2026-03-29T16:57:44Z,,,/products/jacket,mobile,2026-03-29T01:17:00Z
185,2025-11-10T17:44:27Z,23,gclid-16-o765efuxq9,/products/tee,tablet,2025-11-10T08:30:00Z
186,2025-05-05T21:11:37Z,,,/products,desktop,2025-05-05T04:19:00Z
187,2025-06-08T23:44:25Z,1,gclid-4-sjtk3lirhx,/products/jacket,mobile,2025-06-08T06:06:00Z
188,2025-06-28T12:35:40Z,,,/,desktop,2025-06-28T21:08:00Z
189,2026-06-14T16:09:55Z,,,/,tablet,2026-06-14T05:15:00Z
190,2026-02-15T13:53:40Z,17,,/products/jacket,desktop,2026-02-15T13:02:00Z
191,2026-06-20T10:49:25Z,,gclid-12-ov50ew25x1,/products,desktop,2026-06-20T19:33:00Z
192,2025-08-26T15:49:04Z,5,,/checkout,desktop,2025-08-26T22:57:00Z
193,2026-05-03T04:49:41Z,18,gclid-15-x9m4v74qr1,/blog/sizing-guide,tablet,2026-05-03T18:44:00Z
194,2026-01-12T21:38:38Z,,,/products/jacket,mobile,2026-01-12T02:44:00Z
195,2025-12-07T10:34:33Z,18,,/products/tee,mobile,2025-12-07T19:32:00Z
196,2025-07-26T10:59:57Z,13,,/products/tee,mobile,2025-07-26T06:52:00Z
197,2025-09-19T16:43:26Z,,gclid-7-16f1kyntl2,/checkout,tablet,2025-09-19T05:07:00Z
198,2026-04-06T23:56:18Z,22,,/products,tablet,2026-04-06T15:23:00Z
199,2025-08-04T12:30:45Z,,gclid-11-fvj839ag77,/products/jacket,tablet,2025-08-04T18:52:00Z
200,2025-08-20T16:36:26Z,28,gclid-16-vrnegn2b4j,/checkout,tablet,2025-08-20T08:08:00Z
201,2026-05-07T03:59:47Z,37,,/,desktop,2026-05-07T03:21:00Z
202,2026-02-14T23:17:18Z,40,,/checkout,tablet,2026-02-14T08:59:00Z
203,2026-01-08T11:53:15Z,,gclid-11-1g8ntafuw9,/blog/sizing-guide,mobile,2026-01-08T03:06:00Z
204,2025-08-05T13:14:15Z,12,,/products,mobile,2025-08-05T03:00:00Z
205,2025-08-01T21:19:27Z,,,/products/jacket,mobile,2025-08-01T06:14:00Z
206,2025-05-22T02:26:45Z,25,,/blog/sizing-guide,tablet,2025-05-22T12:01:00Z
207,2026-01-03T08:13:56Z,,,/checkout,mobile,2026-01-03T10:01:00Z
208,2025-12-12T16:39:24Z,,,/products/tee,desktop,2025-12-12T22:04:00Z
209,2026-02-02T22:43:24Z,,gclid-7-loikivqa7i,/about,desktop,2026-02-02T14:45:00Z
210,2026-05-15T00:24:36Z,32,,/products/jacket,tablet,2026-05-15T14:58:00Z
211,2025-11-04T02:27:16Z,17,,/products/jacket,desktop,2025-11-04T05:14:00Z
212,2026-06-12T18:41:33Z,,,/blog/sizing-guide,desktop,2026-06-12T12:23:00Z
213,2025-04-25T07:05:45Z,36,,/,mobile,2025-04-25T02:33:00Z
214,2025-08-09T14:09:18Z,,gclid-6-ilsidbx287,/products,mobile,2025-08-09T17:30:00Z
215,2025-11-03T05:15:01Z,5,,/,desktop,2025-11-03T08:52:00Z
216,2026-05-06T05:34:07Z,,,/products/tee,tablet,2026-05-06T05:09:00Z
217,2025-12-30T05:15:50Z,,gclid-9-sascebfe54,/checkout,mobile,2025-12-30T14:15:00Z
218,2025-11-19T05:45:07Z,39,,/blog/sizing-guide,desktop,2025-11-19T02:24:00Z
219,2025-06-09T00:18:29Z,,,/blog/sizing-guide,mobile,2025-06-09T17:34:00Z
220,2026-04-07T12:56:33Z,,,/checkout,mobile,2026-04-07T19:36:00Z
221,2026-04-03T23:25:48Z,,gclid-6-sr2hvnkvon,/products/tee,desktop,2026-04-03T10:31:00Z
222,2025-07-11T00:13:27Z,,,/products/jacket,tablet,2025-07-11T23:08:00Z
223,2026-02-27T09:25:15Z,,gclid-15-joznhe8ifx,/,mobile,2026-02-27T11:03:00Z
224,2025-09-27T14:58:24Z,,,/,tablet,2025-09-27T09:22:00Z
225,2026-05-26T16:35:30Z,,gclid-16-cllsad0ucs,/about,tablet,2026-05-26T11:01:00Z
226,2025-11-16T12:21:51Z,21,,/products/tee,mobile,2025-11-16T01:51:00Z
227,2025-12-21T18:07:56Z,,,/blog/sizing-guide,tablet,2025-12-21T01:42:00Z
228,2026-05-05T17:46:47Z,10,,/blog/sizing-guide,mobile,2026-05-05T10:42:00Z
229,2026-04-01T14:46:46Z,13,,/,tablet,2026-04-01T12:17:00Z
230,2025-10-19T07:02:02Z,,,/products,mobile,2025-10-19T18:12:00Z
231,2025-10-31T04:27:35Z,,,/products,desktop,2025-10-31T02:10:00Z
232,2026-06-14T01:16:46Z,30,,/products,tablet,2026-06-14T15:07:00Z
233,2025-05-11T21:29:51Z,,,/products/tee,mobile,2025-05-11T08:36:00Z
234,2026-01-11T17:56:57Z,21,,/checkout,desktop,2026-01-11T21:43:00Z
235,2026-06-02T22:37:33Z,,,/blog/sizing-guide,desktop,2026-06-02T07:52:00Z
236,2025-04-12T13:30:17Z,,,/products/jacket,tablet,2025-04-12T12:03:00Z
237,2026-01-28T09:51:55Z,,gclid-8-4h8qfdtn0p,/products/tee,mobile,2026-01-28T02:15:00Z
238,2025-06-23T19:30:59Z,,,/,mobile,2025-06-23T12:52:00Z
239,2025-11-08T04:26:30Z,24,,/,mobile,2025-11-08T07:31:00Z
240,2026-06-25T15:59:25Z,,,/blog/sizing-guide,desktop,2026-06-25T09:15:00Z
241,2026-02-07T05:21:10Z,,,/blog/sizing-guide,desktop,2026-02-07T03:05:00Z
242,2025-05-13T23:00:09Z,,,/,tablet,2025-05-13T20:09:00Z
243,2025-04-27T00:30:11Z,24,gclid-12-xdfld9cba7,/blog/sizing-guide,desktop,2025-04-27T12:52:00Z
244,2025-12-08T03:17:37Z,,gclid-3-3kcvjxzdvy,/,mobile,2025-12-08T10:42:00Z
245,2025-06-23T22:30:51Z,,,/products/tee,mobile,2025-06-23T20:45:00Z
246,2026-05-23T12:26:51Z,,,/blog/sizing-guide,mobile,2026-05-23T21:20:00Z
247,2025-07-17T07:29:09Z,4,,/checkout,desktop,2025-07-17T04:06:00Z
248,2025-11-16T04:09:46Z,,gclid-11-uzpex7tv7h,/products/jacket,tablet,2025-11-16T01:23:00Z
249,2025-06-20T12:12:22Z,17,gclid-13-grxozlel8p,/products/tee,tablet,2025-06-20T22:11:00Z
250,2025-04-04T05:16:26Z,,gclid-11-f5iv86zp1w,/about,mobile,2025-04-04T19:23:00Z
251,2025-09-20T00:06:30Z,,,/products,desktop,2025-09-20T04:21:00Z
252,2026-03-15T21:54:47Z,26,,/checkout,tablet,2026-03-15T19:59:00Z
253,2026-02-08T06:27:49Z,,,/products/jacket,tablet,2026-02-08T18:35:00Z
254,2025-08-27T17:48:29Z,27,gclid-3-r576vilvqk,/about,desktop,2025-08-27T07:42:00Z
255,2026-01-22T08:25:16Z,15,gclid-15-iabc2t67a5,/about,tablet,2026-01-22T09:49:00Z
256,2026-02-02T21:03:31Z,36,,/products/tee,desktop,2026-02-02T07:59:00Z
257,2025-10-17T17:46:21Z,,gclid-1-ycx8ae0jxy,/products/jacket,desktop,2025-10-17T13:13:00Z
258,2026-04-09T05:23:06Z,35,,/about,tablet,2026-04-09T20:04:00Z
259,2025-05-10T04:55:07Z,16,,/,mobile,2025-05-10T05:07:00Z
260,2026-04-27T14:21:07Z,,,/checkout,mobile,2026-04-27T16:07:00Z
261,2025-12-03T21:39:17Z,6,,/products/tee,desktop,2025-12-03T12:51:00Z
262,2025-07-06T17:16:46Z,,gclid-3-9fmsyg91mm,/products/jacket,mobile,2025-07-06T03:51:00Z
263,2025-12-19T12:13:10Z,,gclid-3-90472uqln6,/,mobile,2025-12-19T06:00:00Z
264,2026-01-18T11:01:42Z,,,/products/jacket,tablet,2026-01-18T00:20:00Z
265,2026-06-16T14:05:08Z,,,/checkout,desktop,2026-06-16T18:08:00Z
266,2025-11-29T15:35:35Z,40,,/blog/sizing-guide,desktop,2025-11-29T20:20:00Z
267,2025-08-04T09:34:52Z,7,,/,mobile,2025-08-04T21:08:00Z
268,2026-03-23T08:52:24Z,27,,/,tablet,2026-03-23T11:04:00Z
269,2025-12-12T09:47:19Z,19,,/products/tee,desktop,2025-12-12T22:05:00Z
270,2026-06-20T04:59:33Z,,,/products/tee,desktop,2026-06-20T03:16:00Z
271,2026-04-29T10:20:56Z,,gclid-3-ij4tt43tuy,/products/tee,tablet,2026-04-29T21:19:00Z
272,2025-05-22T12:48:59Z,,gclid-14-dl0ed8a6b3,/products/jacket,tablet,2025-05-22T03:16:00Z
273,2025-06-21T18:35:57Z,11,,/products,tablet,2025-06-21T18:44:00Z
274,2026-06-18T03:40:51Z,9,gclid-6-03yioy5u04,/products/jacket,tablet,2026-06-18T07:03:00Z
275,2025-11-07T06:39:42Z,,,/products/tee,mobile,2025-11-07T04:25:00Z
276,2026-01-28T13:58:37Z,8,gclid-14-jvaev0yu3u,/about,desktop,2026-01-28T04:45:00Z
277,2025-04-21T07:15:47Z,26,gclid-5-8jeahdzomq,/products,tablet,2025-04-21T20:50:00Z
278,2025-06-03T11:20:26Z,,,/products/tee,mobile,2025-06-03T21:12:00Z
279,2026-06-14T20:09:13Z,16,,/products/jacket,mobile,2026-06-14T08:27:00Z
280,2025-04-26T08:00:27Z,4,,/about,mobile,2025-04-26T16:18:00Z
281,2025-07-14T13:07:56Z,12,gclid-14-1r1cqkih54,/products/jacket,mobile,2025-07-14T05:30:00Z
282,2025-07-22T14:57:08Z,32,gclid-13-h8s7dzsyjx,/blog/sizing-guide,mobile,2025-07-22T23:25:00Z
283,2025-04-11T02:36:56Z,,gclid-9-31yuw2tgrt,/products,desktop,2025-04-11T10:49:00Z
284,2026-03-20T17:26:36Z,,,/products,desktop,2026-03-20T23:19:00Z
285,2026-04-05T13:16:44Z,,,/about,mobile,2026-04-05T21:53:00Z
286,2026-02-03T18:36:22Z,,gclid-7-6l4m1trpuy,/,tablet,2026-02-03T04:14:00Z
287,2025-10-28T01:13:29Z,,,/,desktop,2025-10-28T21:35:00Z
288,2025-11-12T22:08:14Z,7,,/,mobile,2025-11-12T00:58:00Z
289,2026-01-26T13:07:17Z,,,/products,desktop,2026-01-26T10:59:00Z
290,2025-07-31T19:07:05Z,,,/checkout,tablet,2025-07-31T20:48:00Z
291,2025-08-02T01:30:44Z,1,gclid-16-3holdu7jpm,/products/tee,mobile,2025-08-02T17:44:00Z
292,2025-06-24T00:47:06Z,,,/about,mobile,2025-06-24T06:11:00Z
293,2026-05-27T05:14:47Z,14,gclid-7-eqxiee6hw5,/products/tee,tablet,2026-05-27T13:09:00Z
294,2026-03-19T02:53:57Z,11,gclid-12-bg4pdfcopz,/products,mobile,2026-03-19T22:33:00Z
295,2026-04-01T17:56:43Z,,,/checkout,tablet,2026-04-01T10:56:00Z
296,2025-11-18T05:53:38Z,,,/products/jacket,mobile,2025-11-18T05:39:00Z
297,2026-06-03T14:17:20Z,2,gclid-7-ont75ez6iz,/blog/sizing-guide,desktop,2026-06-03T17:30:00Z
298,2025-10-20T20:37:45Z,34,,/products,tablet,2025-10-20T07:51:00Z
299,2025-06-04T07:58:03Z,,,/,desktop,2025-06-04T17:35:00Z
300,2025-05-13T10:33:34Z,36,gclid-5-3br4f2zdfp,/products/jacket,tablet,2025-05-13T20:34:00Z
301,2025-05-12T23:48:20Z,,,/blog/sizing-guide,mobile,2025-05-12T00:02:00Z
302,2026-04-27T00:49:01Z,,,/blog/sizing-guide,tablet,2026-04-27T00:05:00Z
303,2025-09-13T05:48:47Z,,,/,tablet,2025-09-13T06:30:00Z
304,2026-05-18T03:28:50Z,,,/,tablet,2026-05-18T23:38:00Z
305,2025-04-14T23:09:22Z,,,/blog/sizing-guide,tablet,2025-04-14T20:18:00Z
306,2026-04-21T09:16:10Z,,gclid-16-ks1f3kwbnb,/products/jacket,mobile,2026-04-21T00:02:00Z
307,2026-02-01T01:00:42Z,23,gclid-11-d0jfneo2s9,/products/tee,tablet,2026-02-01T01:23:00Z
308,2025-09-06T05:50:36Z,3,,/about,mobile,2025-09-06T01:26:00Z
309,2025-07-16T07:26:38Z,,,/checkout,mobile,2025-07-16T00:49:00Z
310,2026-02-14T20:54:59Z,4,,/products/tee,desktop,2026-02-14T03:55:00Z
311,2025-10-18T08:53:33Z,,gclid-1-j08xtr5igz,/products,tablet,2025-10-18T20:04:00Z
312,2025-10-22T08:15:09Z,26,,/checkout,tablet,2025-10-22T09:46:00Z
313,2025-06-27T16:36:41Z,,,/products/jacket,mobile,2025-06-27T05:01:00Z
314,2025-08-03T13:48:45Z,,gclid-14-hl2c53k9om,/blog/sizing-guide,mobile,2025-08-03T09:55:00Z
315,2026-06-22T01:11:25Z,,,/products/tee,mobile,2026-06-22T17:43:00Z
316,2025-07-05T09:12:55Z,6,,/products/jacket,mobile,2025-07-05T09:26:00Z
317,2026-05-11T08:55:18Z,,,/checkout,tablet,2026-05-11T00:49:00Z
318,2025-07-25T23:06:23Z,,gclid-6-3j0evzymkx,/blog/sizing-guide,mobile,2025-07-25T07:13:00Z
319,2025-07-20T06:48:52Z,,,/products/tee,tablet,2025-07-20T10:56:00Z
320,2026-03-29T03:25:46Z,7,gclid-3-dvsz2tvhvw,/products,mobile,2026-03-29T06:08:00Z
321,2025-10-25T20:20:14Z,,gclid-2-087ws1loqs,/products/jacket,tablet,2025-10-25T23:55:00Z
322,2025-12-25T00:00:58Z,,gclid-1-vmot4saymw,/products/jacket,mobile,2025-12-25T23:18:00Z
323,2026-05-27T19:07:46Z,,,/checkout,tablet,2026-05-27T06:25:00Z
324,2025-10-06T19:50:22Z,20,gclid-3-35xudkitma,/products,mobile,2025-10-06T06:10:00Z
325,2026-05-23T23:10:13Z,,,/,desktop,2026-05-23T14:17:00Z
326,2025-09-19T10:26:04Z,,gclid-10-et7bna2i7p,/blog/sizing-guide,tablet,2025-09-19T01:33:00Z
327,2026-03-22T03:07:47Z,,gclid-1-775b5nov31,/products/jacket,desktop,2026-03-22T21:29:00Z
328,2025-05-08T10:47:13Z,14,gclid-9-6m3sgur4pu,/products,tablet,2025-05-08T06:33:00Z
329,2026-05-31T08:18:47Z,20,,/checkout,desktop,2026-05-31T16:28:00Z
330,2026-05-05T06:21:19Z,,gclid-5-ohxwednya3,/checkout,mobile,2026-05-05T18:37:00Z
331,2026-03-29T02:51:18Z,2,gclid-15-9uf1zww1un,/blog/sizing-guide,tablet,2026-03-29T09:53:00Z
332,2026-01-08T20:38:48Z,,,/about,mobile,2026-01-08T02:56:00Z
333,2025-12-24T09:09:34Z,,,/about,tablet,2025-12-24T07:09:00Z
334,2025-09-17T18:06:18Z,,gclid-10-u2486d43i2,/blog/sizing-guide,mobile,2025-09-17T12:36:00Z
335,2026-01-12T01:26:39Z,,,/products/jacket,desktop,2026-01-12T12:40:00Z
336,2025-05-31T14:48:26Z,29,,/products,tablet,2025-05-31T06:19:00Z
337,2026-01-13T23:14:33Z,39,,/products/tee,tablet,2026-01-13T07:57:00Z
338,2025-12-23T04:42:57Z,19,,/blog/sizing-guide,desktop,2025-12-23T11:26:00Z
339,2026-06-29T21:07:09Z,,,/products/jacket,mobile,2026-06-29T00:35:00Z
340,2026-05-17T04:25:37Z,,,/products,mobile,2026-05-17T21:17:00Z
341,2025-05-18T17:24:36Z,,,/,desktop,2025-05-18T00:35:00Z
342,2025-12-03T13:06:43Z,,,/blog/sizing-guide,desktop,2025-12-03T16:20:00Z
343,2026-01-18T10:59:48Z,,gclid-9-ofv14j643f,/blog/sizing-guide,desktop,2026-01-18T00:00:00Z
344,2026-03-08T16:27:38Z,,,/,desktop,2026-03-08T03:53:00Z
345,2026-04-26T12:32:12Z,,gclid-11-33a8ncxcwc,/about,mobile,2026-04-26T01:29:00Z
346,2025-10-26T05:55:40Z,,,/products/jacket,tablet,2025-10-26T13:40:00Z
347,2025-06-13T01:46:23Z,2,gclid-16-pvoc7501oe,/products,mobile,2025-06-13T00:35:00Z
348,2026-05-14T02:47:55Z,,,/products/jacket,mobile,2026-05-14T01:10:00Z
349,2026-01-15T22:59:38Z,,gclid-1-ostchhi78l,/about,desktop,2026-01-15T06:22:00Z
350,2025-10-23T03:29:34Z,,,/products,desktop,2025-10-23T21:06:00Z
351,2025-05-11T19:10:00Z,28,,/products,tablet,2025-05-11T21:20:00Z
352,2025-06-07T14:31:34Z,8,,/products,desktop,2025-06-07T14:04:00Z
353,2026-03-08T17:18:19Z,11,gclid-11-b5kb3pkbqy,/blog/sizing-guide,desktop,2026-03-08T12:30:00Z
354,2025-12-30T03:59:09Z,,,/products/jacket,tablet,2025-12-30T16:10:00Z
355,2025-07-05T02:00:53Z,32,gclid-6-dgs9gt0r0v,/products,mobile,2025-07-05T07:55:00Z
356,2026-05-27T17:15:56Z,,gclid-11-omuq0rztwo,/,mobile,2026-05-27T15:44:00Z
357,2025-05-02T12:55:31Z,,gclid-5-4a1nfxgimy,/,mobile,2025-05-02T21:55:00Z
358,2026-03-04T11:00:49Z,,,/,tablet,2026-03-04T08:25:00Z
359,2026-01-17T04:46:04Z,,,/products,desktop,2026-01-17T18:08:00Z
360,2025-09-15T18:25:29Z,,,/checkout,tablet,2025-09-15T17:49:00Z
361,2026-03-16T08:15:27Z,,,/blog/sizing-guide,tablet,2026-03-16T00:10:00Z
362,2025-06-04T01:54:21Z,,,/about,tablet,2025-06-04T07:42:00Z
363,2026-06-05T17:27:46Z,,,/checkout,mobile,2026-06-05T20:08:00Z
364,2025-08-31T19:21:54Z,,,/about,desktop,2025-08-31T20:05:00Z
365,2025-08-24T11:28:40Z,,,/blog/sizing-guide,desktop,2025-08-24T22:41:00Z
366,2025-11-12T02:22:59Z,,gclid-13-qrt8g7qncw,/about,tablet,2025-11-12T21:29:00Z
367,2025-12-10T19:34:31Z,40,,/checkout,mobile,2025-12-10T16:31:00Z
368,2026-04-03T04:53:53Z,,gclid-7-r02tyaxy2n,/about,mobile,2026-04-03T00:42:00Z
369,2026-06-19T11:48:24Z,,,/about,mobile,2026-06-19T18:02:00Z
370,2025-04-16T21:07:10Z,,gclid-11-4jgsqof3wg,/products,tablet,2025-04-16T04:43:00Z
371,2025-12-29T23:36:54Z,15,gclid-7-t6udojy6g1,/about,mobile,2025-12-29T05:58:00Z
372,2025-09-23T12:10:36Z,,gclid-8-5it2ni9suo,/products/tee,desktop,2025-09-23T20:31:00Z
373,2025-12-22T08:24:54Z,21,,/blog/sizing-guide,mobile,2025-12-22T21:18:00Z
374,2026-05-28T08:14:00Z,,gclid-4-563c36vfh3,/products/tee,tablet,2026-05-28T07:17:00Z
375,2026-05-12T01:05:53Z,6,,/products/tee,mobile,2026-05-12T14:06:00Z
376,2025-09-15T10:12:06Z,40,gclid-7-3r4sip4b8j,/blog/sizing-guide,desktop,2025-09-15T22:55:00Z
377,2026-02-24T03:18:49Z,23,,/products,mobile,2026-02-24T12:39:00Z
378,2025-12-27T03:44:37Z,,,/checkout,tablet,2025-12-27T04:48:00Z
379,2025-12-01T00:17:23Z,,gclid-12-o67u61o85v,/products/jacket,mobile,2025-12-01T17:28:00Z
380,2025-08-22T09:55:10Z,,gclid-11-96kw0pn524,/products/tee,desktop,2025-08-22T16:08:00Z
381,2025-09-03T19:58:07Z,,,/products/jacket,mobile,2025-09-03T00:08:00Z
382,2026-06-10T00:56:02Z,,gclid-12-xv5cix39el,/products/tee,desktop,2026-06-10T06:00:00Z
383,2025-09-13T10:30:02Z,,,/products/jacket,tablet,2025-09-13T23:11:00Z
384,2026-03-16T03:18:19Z,,gclid-13-nwzf8y7p62,/about,mobile,2026-03-16T20:26:00Z
385,2025-06-16T23:00:08Z,,,/about,tablet,2025-06-16T05:58:00Z
386,2025-10-06T09:13:04Z,,,/products,tablet,2025-10-06T17:51:00Z
387,2026-05-23T03:47:08Z,13,gclid-5-5xwwc05sor,/products,tablet,2026-05-23T17:29:00Z
388,2025-09-24T00:34:10Z,,,/about,desktop,2025-09-24T21:29:00Z
389,2025-06-30T05:57:22Z,24,,/checkout,tablet,2025-06-30T08:30:00Z
390,2025-06-09T12:09:55Z,10,,/checkout,desktop,2025-06-09T16:52:00Z
391,2026-05-03T21:47:29Z,,,/products,tablet,2026-05-03T03:25:00Z
392,2025-04-28T17:55:11Z,,,/about,mobile,2025-04-28T05:04:00Z
393,2025-11-21T21:13:12Z,,,/products,tablet,2025-11-21T20:37:00Z
394,2025-07-05T00:20:11Z,,gclid-7-05802xvxit,/products,desktop,2025-07-05T10:41:00Z
395,2025-10-04T22:15:50Z,,,/products,mobile,2025-10-04T17:19:00Z
396,2025-08-15T13:07:31Z,,,/about,mobile,2025-08-15T07:10:00Z
397,2026-05-19T12:18:15Z,,,/products/tee,mobile,2026-05-19T18:51:00Z
398,2026-05-02T15:39:45Z,29,,/checkout,tablet,2026-05-02T14:00:00Z
399,2025-07-05T18:11:28Z,16,gclid-15-16zhz3e88s,/products,desktop,2025-07-05T00:51:00Z
400,2026-03-12T03:08:50Z,,,/about,desktop,2026-03-12T17:12:00Z
401,2025-06-28T01:56:02Z,,gclid-15-ssumh0znsg,/about,tablet,2025-06-28T12:59:00Z
402,2025-05-02T01:12:01Z,25,gclid-3-34udc4fh06,/blog/sizing-guide,desktop,2025-05-02T00:49:00Z
403,2025-06-16T20:36:10Z,,,/checkout,tablet,2025-06-16T11:42:00Z
404,2025-04-13T02:19:12Z,,,/about,tablet,2025-04-13T06:03:00Z
405,2026-02-08T06:58:00Z,,,/,desktop,2026-02-08T21:37:00Z
406,2025-12-12T02:38:07Z,10,gclid-5-ef578o1fe1,/about,desktop,2025-12-12T03:07:00Z
407,2025-10-13T12:06:08Z,40,,/about,desktop,2025-10-13T14:08:00Z
408,2026-04-06T10:42:47Z,,,/products,desktop,2026-04-06T19:47:00Z
409,2026-04-09T06:02:18Z,,,/products/tee,desktop,2026-04-09T17:00:00Z
410,2026-03-05T05:29:41Z,,,/blog/sizing-guide,tablet,2026-03-05T03:09:00Z
411,2026-04-27T09:11:06Z,36,gclid-13-wfmax9fke4,/checkout,desktop,2026-04-27T22:54:00Z
412,2025-10-05T11:46:24Z,1,,/blog/sizing-guide,desktop,2025-10-05T22:42:00Z
413,2026-01-17T19:22:08Z,,,/blog/sizing-guide,desktop,2026-01-17T03:14:00Z
414,2025-11-19T03:09:17Z,,gclid-11-tn1e4jc0ff,/products/jacket,desktop,2025-11-19T13:07:00Z
415,2025-10-03T19:10:30Z,,gclid-2-fwpzdpvoe4,/checkout,tablet,2025-10-03T03:21:00Z
416,2025-09-11T08:55:10Z,,,/about,desktop,2025-09-11T07:44:00Z
417,2026-03-30T09:02:15Z,24,gclid-13-8u1qp2wnv2,/products/tee,mobile,2026-03-30T09:27:00Z
418,2026-06-06T05:15:16Z,17,,/products/jacket,mobile,2026-06-06T00:07:00Z
419,2025-04-23T17:03:49Z,,gclid-4-ba62tdo1df,/checkout,desktop,2025-04-23T17:00:00Z
420,2025-12-21T03:51:46Z,,,/products,tablet,2025-12-21T00:55:00Z
421,2026-04-04T03:21:45Z,33,gclid-2-odbzl83k88,/products/jacket,mobile,2026-04-04T06:51:00Z
422,2025-10-23T05:07:45Z,28,gclid-6-m4yqzvrhum,/about,desktop,2025-10-23T19:25:00Z
423,2025-06-20T14:59:16Z,,,/products/jacket,desktop,2025-06-20T02:22:00Z
424,2026-01-25T02:33:15Z,,,/products/jacket,desktop,2026-01-25T01:03:00Z
425,2025-08-15T12:26:27Z,,gclid-1-12bvxejaxv,/checkout,tablet,2025-08-15T02:52:00Z
426,2026-04-02T18:48:44Z,,,/products/tee,tablet,2026-04-02T00:20:00Z
427,2025-08-06T21:45:04Z,17,,/checkout,tablet,2025-08-06T16:02:00Z
428,2026-05-19T18:19:41Z,,,/products/jacket,tablet,2026-05-19T16:31:00Z
429,2026-02-22T07:41:04Z,,gclid-4-3nukondhkb,/products/jacket,tablet,2026-02-22T08:15:00Z
430,2025-07-29T05:48:20Z,33,,/about,tablet,2025-07-29T19:18:00Z
431,2026-01-24T18:58:07Z,,,/,desktop,2026-01-24T22:52:00Z
432,2025-08-14T05:56:27Z,,,/products,desktop,2025-08-14T06:29:00Z
433,2025-04-27T16:29:52Z,,,/,desktop,2025-04-27T13:03:00Z
434,2026-06-05T05:42:42Z,,,/about,tablet,2026-06-05T08:06:00Z
435,2026-06-10T17:51:05Z,,gclid-15-66dqa4svkx,/,desktop,2026-06-10T17:59:00Z
436,2025-10-22T08:19:34Z,,gclid-15-85s0i99n7t,/,desktop,2025-10-22T08:34:00Z
437,2025-04-24T13:30:20Z,12,,/blog/sizing-guide,desktop,2025-04-24T12:36:00Z
438,2025-05-14T09:38:25Z,,gclid-3-7sr3jfyusq,/blog/sizing-guide,mobile,2025-05-14T18:42:00Z
439,2026-06-09T15:42:40Z,23,gclid-8-zj22pmb6xg,/products/tee,tablet,2026-06-09T22:35:00Z
440,2026-01-11T07:21:46Z,30,,/checkout,tablet,2026-01-11T21:41:00Z
441,2025-10-21T05:18:40Z,,gclid-14-zkvnijwaql,/,mobile,2025-10-21T00:09:00Z
442,2026-01-13T10:06:24Z,,gclid-12-uiwjta882j,/products/jacket,tablet,2026-01-13T22:32:00Z
443,2025-07-26T19:02:56Z,,,/products/jacket,mobile,2025-07-26T04:48:00Z
444,2025-12-26T14:38:36Z,5,gclid-3-kh3v10m1v3,/blog/sizing-guide,desktop,2025-12-26T22:26:00Z
445,2025-05-26T07:13:30Z,,,/products/tee,desktop,2025-05-26T07:02:00Z
446,2025-08-09T10:35:32Z,2,gclid-6-m81rjwpx5z,/products/tee,desktop,2025-08-09T18:26:00Z
447,2025-10-23T02:30:48Z,,,/about,desktop,2025-10-23T16:08:00Z
448,2026-03-25T08:38:34Z,,,/,tablet,2026-03-25T17:58:00Z
449,2026-04-09T00:55:25Z,,,/,mobile,2026-04-09T02:28:00Z
450,2025-08-17T13:33:54Z,,,/blog/sizing-guide,mobile,2025-08-17T19:11:00Z
451,2025-10-19T20:24:16Z,,,/checkout,tablet,2025-10-19T07:44:00Z
452,2026-01-23T12:44:39Z,33,,/products/jacket,tablet,2026-01-23T09:44:00Z
453,2026-06-18T02:20:21Z,,,/blog/sizing-guide,tablet,2026-06-18T01:07:00Z
454,2025-06-03T19:08:46Z,31,,/products/tee,desktop,2025-06-03T22:59:00Z
455,2025-10-13T22:02:22Z,,gclid-14-yc3t13hloz,/products,desktop,2025-10-13T16:37:00Z
456,2025-08-12T10:23:38Z,,gclid-2-axu3k8jb79,/about,mobile,2025-08-12T23:55:00Z
457,2026-01-11T19:27:27Z,28,,/products/tee,desktop,2026-01-11T00:52:00Z
458,2026-05-10T09:20:27Z,,,/products/jacket,mobile,2026-05-10T17:57:00Z
459,2025-04-15T18:28:50Z,,,/products,desktop,2025-04-15T16:51:00Z
460,2026-02-06T00:27:08Z,,gclid-9-2524gpzbom,/checkout,mobile,2026-02-06T07:59:00Z
461,2025-04-28T00:44:59Z,12,,/,desktop,2025-04-28T04:18:00Z
462,2025-07-02T14:27:56Z,,,/products/tee,mobile,2025-07-02T04:48:00Z
463,2025-09-09T19:04:24Z,18,gclid-4-d643j2x9a6,/checkout,desktop,2025-09-09T03:30:00Z
464,2026-01-27T16:25:30Z,,,/products,desktop,2026-01-27T02:11:00Z
465,2026-01-21T19:56:22Z,,,/,mobile,2026-01-21T14:08:00Z
466,2026-04-03T13:50:16Z,,,/products/jacket,desktop,2026-04-03T04:46:00Z
467,2025-05-27T05:03:13Z,31,,/products/tee,desktop,2025-05-27T13:22:00Z
468,2026-03-23T18:46:24Z,,,/products/jacket,tablet,2026-03-23T11:52:00Z
469,2026-02-20T05:23:16Z,9,,/,tablet,2026-02-20T17:44:00Z
470,2026-04-20T07:32:20Z,18,,/,desktop,2026-04-20T21:27:00Z
471,2025-08-09T09:41:23Z,,gclid-5-54cfg79kt1,/about,mobile,2025-08-09T21:39:00Z
472,2026-04-11T02:28:28Z,14,,/products,tablet,2026-04-11T09:41:00Z
473,2026-02-23T21:47:10Z,36,,/checkout,mobile,2026-02-23T21:10:00Z
474,2026-05-25T02:57:30Z,35,,/,desktop,2026-05-25T19:50:00Z
475,2025-10-16T07:52:02Z,,gclid-7-bv2izsfwi4,/products/tee,desktop,2025-10-16T01:54:00Z
476,2026-06-16T22:50:40Z,,,/about,mobile,2026-06-16T14:30:00Z
477,2025-12-15T09:32:57Z,,gclid-6-kjymjbt35y,/products/jacket,tablet,2025-12-15T19:13:00Z
478,2025-11-17T22:50:35Z,,gclid-11-ivfqsx502u,/products/jacket,tablet,2025-11-17T16:32:00Z
479,2026-05-03T04:56:56Z,,,/products/tee,mobile,2026-05-03T15:37:00Z
480,2026-03-26T04:53:30Z,,gclid-5-ji359t8zge,/products,tablet,2026-03-26T20:14:00Z
481,2026-01-29T14:10:33Z,,gclid-4-fextb7f5hg,/blog/sizing-guide,tablet,2026-01-29T01:45:00Z
482,2026-01-21T17:59:13Z,8,gclid-1-ggacsqnbb4,/checkout,tablet,2026-01-21T17:58:00Z
483,2026-05-16T21:30:45Z,6,,/blog/sizing-guide,mobile,2026-05-16T06:23:00Z
484,2025-10-14T02:18:03Z,36,,/products/tee,mobile,2025-10-14T20:15:00Z
485,2026-02-23T02:37:32Z,,,/products/tee,mobile,2026-02-23T17:41:00Z
486,2025-06-10T06:20:19Z,,,/products/tee,tablet,2025-06-10T03:02:00Z
487,2025-04-02T06:46:49Z,,,/blog/sizing-guide,mobile,2025-04-02T05:00:00Z
488,2025-10-07T08:21:47Z,,,/,mobile,2025-10-07T00:57:00Z
489,2026-03-19T01:27:27Z,,,/products/jacket,mobile,2026-03-19T02:04:00Z
490,2025-04-07T20:25:58Z,,,/about,desktop,2025-04-07T22:53:00Z
491,2025-07-25T09:00:51Z,26,,/checkout,tablet,2025-07-25T08:49:00Z
492,2026-02-11T15:02:33Z,36,,/blog/sizing-guide,desktop,2026-02-11T13:26:00Z
493,2026-01-06T06:18:35Z,,gclid-13-fv2ttuswet,/about,tablet,2026-01-06T20:31:00Z
494,2026-05-06T19:04:23Z,,gclid-14-gqcqnyiadp,/about,mobile,2026-05-06T14:54:00Z
495,2026-02-18T16:36:35Z,1,,/products/tee,desktop,2026-02-18T17:54:00Z
496,2025-04-03T18:23:59Z,30,gclid-12-ml8qqzyekv,/blog/sizing-guide,desktop,2025-04-03T03:34:00Z
497,2026-03-11T20:35:09Z,,gclid-13-7pgf7mvq35,/products/tee,tablet,2026-03-11T23:23:00Z
498,2025-08-15T04:06:52Z,,,/products/tee,mobile,2025-08-15T01:20:00Z
499,2025-11-09T16:08:00Z,24,,/products/jacket,desktop,2025-11-09T22:36:00Z
500,2025-04-10T23:03:04Z,22,,/products/jacket,mobile,2025-04-10T01:29:00Z
501,2025-06-27T06:52:08Z,,gclid-6-s7v55kcrx6,/checkout,desktop,2025-06-27T05:44:00Z
502,2025-08-13T22:28:15Z,,gclid-3-o772nrcmuz,/,desktop,2025-08-13T03:36:00Z
503,2025-10-08T00:39:11Z,,,/,tablet,2025-10-08T02:20:00Z
504,2025-07-05T13:05:47Z,,,/products,mobile,2025-07-05T01:52:00Z
505,2026-01-17T04:12:02Z,28,gclid-11-yar63x5ulz,/about,mobile,2026-01-17T07:51:00Z
506,2026-02-25T04:51:36Z,,,/checkout,tablet,2026-02-25T06:55:00Z
507,2026-06-14T13:22:08Z,31,,/blog/sizing-guide,desktop,2026-06-14T13:53:00Z
508,2026-04-11T02:39:50Z,,,/products/jacket,desktop,2026-04-11T09:51:00Z
509,2026-01-01T02:13:57Z,,,/,mobile,2026-01-01T10:02:00Z
510,2025-06-18T11:49:35Z,,,/about,desktop,2025-06-18T02:29:00Z
511,2025-08-30T06:56:50Z,17,,/checkout,desktop,2025-08-30T10:55:00Z
512,2025-06-17T13:33:03Z,35,,/products/jacket,desktop,2025-06-17T23:27:00Z
513,2025-11-16T06:37:35Z,,gclid-9-67st8li72w,/blog/sizing-guide,mobile,2025-11-16T12:58:00Z
514,2025-06-10T17:03:21Z,,,/products/jacket,mobile,2025-06-10T22:03:00Z
515,2025-10-19T11:28:39Z,26,,/products,desktop,2025-10-19T18:11:00Z
516,2026-04-09T00:38:02Z,21,,/,desktop,2026-04-09T15:40:00Z
517,2026-03-25T09:46:01Z,,,/products,desktop,2026-03-25T02:06:00Z
518,2025-11-23T16:24:06Z,,,/products,mobile,2025-11-23T09:45:00Z
519,2025-11-14T21:24:03Z,2,,/products/jacket,tablet,2025-11-14T19:23:00Z
520,2025-07-29T10:52:58Z,,,/,tablet,2025-07-29T05:00:00Z
521,2025-05-13T21:08:11Z,37,,/products/tee,desktop,2025-05-13T00:10:00Z
522,2026-06-15T13:48:51Z,21,,/,mobile,2026-06-15T06:55:00Z
523,2026-04-04T05:58:56Z,,,/about,tablet,2026-04-04T18:16:00Z
524,2025-11-12T20:56:39Z,,,/,mobile,2025-11-12T03:48:00Z
525,2025-11-13T22:12:54Z,,gclid-2-7zvnbi1cao,/about,tablet,2025-11-13T06:19:00Z
526,2026-05-01T23:00:13Z,,,/,mobile,2026-05-01T11:08:00Z
527,2025-04-17T06:27:02Z,,,/blog/sizing-guide,mobile,2025-04-17T02:04:00Z
528,2026-01-03T09:40:39Z,,,/about,mobile,2026-01-03T19:39:00Z
529,2025-06-29T17:22:22Z,24,,/about,tablet,2025-06-29T10:09:00Z
530,2025-04-24T11:24:04Z,,gclid-16-uuxop63ctz,/products/jacket,mobile,2025-04-24T01:49:00Z
531,2026-03-23T07:30:32Z,,gclid-7-xuku8niarn,/blog/sizing-guide,desktop,2026-03-23T10:20:00Z
532,2025-04-05T06:10:40Z,32,,/products,mobile,2025-04-05T10:16:00Z
533,2025-06-06T12:11:18Z,,gclid-6-uwxu2hhlda,/blog/sizing-guide,desktop,2025-06-06T18:02:00Z
534,2026-02-24T13:53:43Z,35,gclid-14-sif6dohe7k,/about,mobile,2026-02-24T14:21:00Z
535,2026-04-22T18:35:50Z,,,/blog/sizing-guide,tablet,2026-04-22T05:05:00Z
536,2025-06-27T18:47:37Z,26,,/,desktop,2025-06-27T07:26:00Z
537,2026-03-10T05:51:00Z,24,,/products/tee,tablet,2026-03-10T05:04:00Z
538,2025-08-09T14:29:56Z,,gclid-1-6e24i1agzg,/about,tablet,2025-08-09T23:42:00Z
539,2025-06-27T02:22:58Z,,,/checkout,tablet,2025-06-27T15:46:00Z
540,2025-04-03T21:23:36Z,8,gclid-14-hntcvl0yqz,/,mobile,2025-04-03T17:33:00Z
541,2025-04-23T22:03:48Z,16,,/products/jacket,tablet,2025-04-23T22:38:00Z
542,2026-06-14T06:04:35Z,,,/products,tablet,2026-06-14T18:30:00Z
543,2025-06-28T16:17:21Z,4,,/about,desktop,2025-06-28T16:08:00Z
544,2025-06-26T23:48:30Z,36,gclid-7-wtw4ixfjjr,/products/tee,tablet,2025-06-26T06:46:00Z
545,2025-06-07T23:55:33Z,24,,/checkout,tablet,2025-06-07T22:12:00Z
546,2026-03-25T00:43:08Z,,,/products,desktop,2026-03-25T20:13:00Z
547,2025-04-26T08:59:45Z,9,,/products,tablet,2025-04-26T14:31:00Z
548,2025-10-01T04:44:56Z,13,gclid-2-61sp5ooa9c,/about,tablet,2025-10-01T07:59:00Z
549,2026-05-30T14:29:29Z,,,/,tablet,2026-05-30T17:14:00Z
550,2025-06-07T02:43:01Z,,,/,mobile,2025-06-07T21:56:00Z
551,2026-05-22T21:47:04Z,39,,/,desktop,2026-05-22T18:47:00Z
552,2025-12-28T06:07:50Z,35,gclid-9-cnfu2hersn,/checkout,mobile,2025-12-28T13:53:00Z
553,2025-10-19T14:48:56Z,26,,/products,desktop,2025-10-19T18:32:00Z
554,2026-05-17T12:23:23Z,,gclid-9-kb8ohl1zum,/products/tee,tablet,2026-05-17T19:24:00Z
555,2025-06-25T14:12:08Z,28,,/blog/sizing-guide,desktop,2025-06-25T02:18:00Z
556,2025-06-15T08:13:50Z,22,,/about,tablet,2025-06-15T22:20:00Z
557,2025-08-15T21:09:06Z,,,/about,desktop,2025-08-15T17:47:00Z
558,2025-12-09T19:43:39Z,,gclid-14-fil3dvyjhm,/products,desktop,2025-12-09T23:18:00Z
559,2025-11-22T05:56:23Z,16,,/products,desktop,2025-11-22T08:12:00Z
560,2026-05-23T01:51:44Z,24,gclid-16-onznq06ujl,/products/jacket,mobile,2026-05-23T18:45:00Z
561,2026-04-04T08:46:49Z,,,/products/tee,desktop,2026-04-04T11:15:00Z
562,2025-11-10T11:36:30Z,25,,/about,tablet,2025-11-10T16:24:00Z
563,2026-05-19T02:27:13Z,12,,/products/tee,mobile,2026-05-19T11:01:00Z
564,2025-12-31T22:58:00Z,,,/checkout,mobile,2025-12-31T16:05:00Z
565,2026-05-23T10:11:48Z,24,,/checkout,mobile,2026-05-23T12:19:00Z
566,2026-06-07T14:11:07Z,30,,/blog/sizing-guide,mobile,2026-06-07T04:15:00Z
567,2025-10-06T22:37:07Z,19,gclid-2-98xvi673kl,/products/tee,desktop,2025-10-06T22:51:00Z
568,2025-04-29T14:36:26Z,,gclid-8-d66bx0rtmg,/,desktop,2025-04-29T11:46:00Z
569,2026-01-07T14:05:58Z,11,,/products,mobile,2026-01-07T21:17:00Z
570,2026-04-14T05:27:56Z,,,/products/tee,mobile,2026-04-14T21:41:00Z
571,2026-06-30T21:31:03Z,11,gclid-1-yom0f6qepy,/products/jacket,desktop,2026-06-30T06:29:00Z
572,2025-04-02T03:17:58Z,,gclid-12-337c7nxxba,/products,mobile,2025-04-02T21:11:00Z
573,2026-04-09T04:04:19Z,,gclid-7-eak8ye71tw,/,mobile,2026-04-09T05:58:00Z
574,2025-04-18T06:07:12Z,10,,/checkout,mobile,2025-04-18T05:58:00Z
575,2026-04-05T00:38:41Z,,gclid-16-2mz8m6xhig,/about,tablet,2026-04-05T14:14:00Z
576,2026-03-25T19:12:57Z,,,/,mobile,2026-03-25T11:54:00Z
577,2025-11-29T22:44:53Z,,,/blog/sizing-guide,mobile,2025-11-29T07:08:00Z
578,2025-07-26T13:27:05Z,,,/products/jacket,mobile,2025-07-26T02:58:00Z
579,2025-04-26T17:29:02Z,32,,/blog/sizing-guide,desktop,2025-04-26T16:51:00Z
580,2025-06-21T06:24:02Z,,gclid-5-om43t6uu8z,/blog/sizing-guide,mobile,2025-06-21T21:50:00Z
581,2026-06-06T20:27:59Z,17,,/blog/sizing-guide,mobile,2026-06-06T15:12:00Z
582,2025-09-14T14:48:16Z,14,gclid-5-ffzadvjfuy,/about,tablet,2025-09-14T04:45:00Z
583,2026-05-23T21:43:40Z,23,,/products/jacket,desktop,2026-05-23T12:11:00Z
584,2026-05-26T19:21:13Z,25,,/products,tablet,2026-05-26T23:30:00Z
585,2026-06-17T07:04:54Z,,,/products/tee,mobile,2026-06-17T21:50:00Z
586,2025-12-08T08:06:52Z,,gclid-11-iukeuf5c1g,/about,desktop,2025-12-08T16:50:00Z
587,2025-08-25T21:25:14Z,,,/about,mobile,2025-08-25T12:04:00Z
588,2025-09-08T23:17:50Z,17,,/checkout,desktop,2025-09-08T05:59:00Z
589,2026-02-15T21:04:23Z,,gclid-9-cu7mpa7dzv,/products,tablet,2026-02-15T10:28:00Z
590,2026-01-06T15:22:51Z,,gclid-1-3ag9xc5rex,/products,mobile,2026-01-06T02:12:00Z
591,2026-01-18T07:48:45Z,,,/products/jacket,mobile,2026-01-18T17:36:00Z
592,2026-02-26T14:25:02Z,,,/products,desktop,2026-02-26T05:27:00Z
593,2025-12-08T15:14:05Z,,,/products,desktop,2025-12-08T14:41:00Z
594,2025-10-17T21:48:01Z,37,,/checkout,tablet,2025-10-17T19:30:00Z
595,2026-02-27T17:26:22Z,,gclid-7-7y6zled1lg,/checkout,tablet,2026-02-27T23:50:00Z
596,2026-01-22T20:21:11Z,11,gclid-4-vmam3jkx2k,/,tablet,2026-01-22T01:00:00Z
597,2025-06-11T13:35:29Z,28,,/products/jacket,mobile,2025-06-11T09:36:00Z
598,2025-11-16T18:28:59Z,,,/products/jacket,desktop,2025-11-16T12:56:00Z
599,2025-09-25T13:44:02Z,2,gclid-14-ilhhvnjpgq,/,desktop,2025-09-25T20:36:00Z
600,2026-02-27T11:08:36Z,14,,/,tablet,2026-02-27T11:37:00Z
601,2025-11-25T23:00:11Z,34,,/products,mobile,2025-11-25T13:43:00Z
602,2025-07-15T13:19:15Z,,,/checkout,mobile,2025-07-15T16:39:00Z
603,2026-06-10T17:53:36Z,,,/products/tee,mobile,2026-06-10T13:42:00Z
604,2025-11-09T07:19:21Z,,,/products/tee,tablet,2025-11-09T07:19:00Z
605,2026-03-30T08:50:04Z,8,,/products/jacket,tablet,2026-03-30T19:37:00Z
606,2025-08-04T19:15:53Z,,,/products/tee,tablet,2025-08-04T14:18:00Z
607,2025-07-25T18:56:17Z,34,,/blog/sizing-guide,tablet,2025-07-25T21:44:00Z
608,2026-01-13T05:09:14Z,27,gclid-5-vr79yt1s4j,/products,desktop,2026-01-13T03:00:00Z
609,2026-04-25T18:28:08Z,31,gclid-2-rk4mkzom2e,/blog/sizing-guide,desktop,2026-04-25T01:15:00Z
610,2025-04-06T01:19:17Z,,,/products/jacket,desktop,2025-04-06T04:46:00Z
611,2026-02-07T07:36:03Z,23,,/,desktop,2026-02-07T03:13:00Z
612,2026-04-11T14:21:54Z,39,,/products/jacket,desktop,2026-04-11T10:37:00Z
613,2025-09-20T20:43:53Z,28,,/blog/sizing-guide,desktop,2025-09-20T18:39:00Z
614,2025-07-21T02:16:45Z,17,,/about,mobile,2025-07-21T12:24:00Z
615,2025-07-23T02:04:14Z,,,/,desktop,2025-07-23T09:56:00Z
616,2025-07-03T06:53:26Z,,gclid-5-bilkjhdkxz,/products/jacket,tablet,2025-07-03T23:44:00Z
617,2026-03-12T21:25:50Z,,,/,tablet,2026-03-12T20:20:00Z
618,2026-03-30T22:57:09Z,38,,/,desktop,2026-03-30T20:05:00Z
619,2026-02-26T21:31:28Z,17,,/products,desktop,2026-02-26T09:13:00Z
620,2026-06-05T10:03:09Z,,gclid-12-8f3vkog101,/blog/sizing-guide,desktop,2026-06-05T06:12:00Z
621,2025-06-08T16:09:39Z,2,,/products,mobile,2025-06-08T12:36:00Z
622,2025-05-26T06:13:56Z,13,gclid-9-op0e62n3pp,/blog/sizing-guide,mobile,2025-05-26T19:39:00Z
623,2025-09-25T10:15:57Z,24,,/products,desktop,2025-09-25T02:57:00Z
624,2025-06-28T07:47:37Z,32,,/products,desktop,2025-06-28T00:13:00Z
625,2025-08-17T22:58:50Z,19,gclid-15-c8u091dz8x,/products,mobile,2025-08-17T01:56:00Z
626,2025-10-09T01:28:52Z,,,/blog/sizing-guide,mobile,2025-10-09T21:56:00Z
627,2026-01-05T14:46:49Z,,,/products/jacket,tablet,2026-01-05T20:44:00Z
628,2025-12-10T10:52:16Z,,,/blog/sizing-guide,tablet,2025-12-10T05:59:00Z
629,2025-08-14T01:24:23Z,29,,/products,tablet,2025-08-14T15:40:00Z
630,2025-06-15T10:32:55Z,21,,/checkout,desktop,2025-06-15T18:50:00Z
631,2026-03-19T10:24:25Z,17,,/checkout,tablet,2026-03-19T23:09:00Z
632,2025-08-05T15:15:40Z,,gclid-3-2dd9eqsimy,/products/jacket,tablet,2025-08-05T19:03:00Z
633,2026-03-09T02:29:54Z,,gclid-10-y27vmvwjmv,/about,desktop,2026-03-09T15:06:00Z
634,2025-06-28T05:09:57Z,17,,/products,desktop,2025-06-28T17:29:00Z
635,2025-07-03T05:01:23Z,8,,/products/jacket,desktop,2025-07-03T12:43:00Z
636,2025-09-12T21:51:16Z,,,/blog/sizing-guide,desktop,2025-09-12T06:47:00Z
637,2026-04-12T00:44:34Z,19,,/products/tee,mobile,2026-04-12T14:56:00Z
638,2026-06-01T00:19:32Z,,,/checkout,tablet,2026-06-01T10:00:00Z
639,2025-08-17T14:01:51Z,,gclid-13-1yc1l2qjzg,/products/jacket,tablet,2025-08-17T21:13:00Z
640,2025-06-21T19:47:20Z,29,,/products/jacket,mobile,2025-06-21T10:50:00Z
641,2025-06-27T05:58:22Z,6,,/products/jacket,mobile,2025-06-27T17:05:00Z
642,2025-06-12T19:08:01Z,,,/products,desktop,2025-06-12T18:18:00Z
643,2025-05-30T02:20:59Z,,,/products/jacket,desktop,2025-05-30T01:09:00Z
644,2026-01-28T10:20:48Z,,,/products,mobile,2026-01-28T07:29:00Z
645,2026-03-09T23:51:09Z,40,,/about,mobile,2026-03-09T21:48:00Z
646,2025-07-02T01:27:24Z,,gclid-1-xtdhdx1bjt,/blog/sizing-guide,desktop,2025-07-02T22:54:00Z
647,2025-06-20T02:52:41Z,,gclid-4-8gc0s6enfp,/products/jacket,tablet,2025-06-20T15:25:00Z
648,2025-08-31T00:06:48Z,,,/products/tee,tablet,2025-08-31T17:03:00Z
649,2025-10-17T09:19:48Z,,gclid-1-bnus7psill,/about,mobile,2025-10-17T20:25:00Z
650,2025-08-23T12:47:19Z,28,,/about,desktop,2025-08-23T06:18:00Z
651,2026-03-04T05:07:39Z,,gclid-5-ggaybfjh9k,/products/jacket,tablet,2026-03-04T18:49:00Z
652,2026-06-16T22:55:07Z,,gclid-15-f1vvwusxsh,/about,tablet,2026-06-16T00:03:00Z
653,2025-07-22T13:27:26Z,,gclid-6-zcmhfmtgdl,/,mobile,2025-07-22T05:17:00Z
654,2025-08-04T16:57:15Z,23,,/checkout,tablet,2025-08-04T05:59:00Z
655,2025-10-31T19:10:42Z,,,/,desktop,2025-10-31T14:25:00Z
656,2025-12-30T22:27:10Z,,,/products,desktop,2025-12-30T05:54:00Z
657,2026-01-10T06:56:55Z,,,/about,desktop,2026-01-10T06:52:00Z
658,2025-12-04T13:57:47Z,8,gclid-13-gqit8d9gx2,/products,desktop,2025-12-04T22:38:00Z
659,2025-06-18T03:43:34Z,,,/products,mobile,2025-06-18T05:29:00Z
660,2026-04-13T19:46:54Z,,gclid-1-o6rdb103gw,/checkout,tablet,2026-04-13T03:54:00Z
661,2026-03-01T08:15:49Z,39,gclid-15-8e7zmvutiy,/products/tee,tablet,2026-03-01T15:11:00Z
662,2026-04-12T21:01:45Z,26,,/products/jacket,mobile,2026-04-12T22:52:00Z
663,2025-10-22T17:24:48Z,,gclid-4-eqlsu8mijp,/about,desktop,2025-10-22T14:47:00Z
664,2025-08-31T04:37:55Z,,,/about,mobile,2025-08-31T04:48:00Z
665,2026-02-11T13:27:37Z,29,,/checkout,tablet,2026-02-11T12:31:00Z
666,2025-04-12T17:00:35Z,,,/about,tablet,2025-04-12T15:16:00Z
667,2026-01-12T11:43:39Z,18,,/,tablet,2026-01-12T06:51:00Z
668,2026-02-06T16:54:19Z,,gclid-10-4swh0tt9kv,/,mobile,2026-02-06T09:20:00Z
669,2025-04-06T19:10:42Z,,,/,mobile,2025-04-06T05:07:00Z
670,2026-06-02T01:10:25Z,,gclid-13-ot6atj4mdh,/checkout,tablet,2026-06-02T18:35:00Z
671,2025-07-07T21:51:02Z,35,,/checkout,desktop,2025-07-07T19:38:00Z
672,2026-04-13T15:16:53Z,,,/checkout,mobile,2026-04-13T13:55:00Z
673,2025-07-31T00:09:59Z,,,/,desktop,2025-07-31T00:13:00Z
674,2025-04-24T21:22:46Z,,,/,tablet,2025-04-24T19:22:00Z
675,2026-02-25T06:01:58Z,19,,/,tablet,2026-02-25T08:49:00Z
676,2026-01-15T06:52:28Z,,,/products/tee,mobile,2026-01-15T14:36:00Z
677,2025-04-27T16:48:30Z,,,/about,desktop,2025-04-27T16:30:00Z
678,2025-06-22T13:56:41Z,14,,/products/jacket,mobile,2025-06-22T22:07:00Z
679,2025-04-25T07:17:58Z,,gclid-9-evbrx8u73n,/products/tee,desktop,2025-04-25T12:09:00Z
680,2026-05-09T04:07:20Z,,,/products/jacket,mobile,2026-05-09T04:20:00Z
681,2025-11-04T05:11:54Z,,gclid-11-i7xk2jl6kk,/blog/sizing-guide,mobile,2025-11-04T11:38:00Z
682,2025-07-24T19:27:20Z,,gclid-8-tlrcelmdz5,/checkout,desktop,2025-07-24T00:47:00Z
683,2025-08-06T12:08:42Z,5,gclid-16-i2f8rpjx0w,/checkout,mobile,2025-08-06T22:43:00Z
684,2025-09-12T17:20:10Z,,gclid-6-ymzlo9lndc,/products/tee,desktop,2025-09-12T16:54:00Z
685,2026-02-21T01:23:19Z,30,,/products/tee,mobile,2026-02-21T15:14:00Z
686,2026-04-27T11:40:13Z,29,,/blog/sizing-guide,tablet,2026-04-27T23:47:00Z
687,2026-06-11T23:18:07Z,,,/,mobile,2026-06-11T18:19:00Z
688,2026-03-26T18:29:12Z,,gclid-7-bisbhtp5ch,/blog/sizing-guide,tablet,2026-03-26T16:58:00Z
689,2026-02-02T05:27:59Z,,gclid-6-3umgthktgy,/products/tee,desktop,2026-02-02T03:28:00Z
690,2026-03-21T09:26:20Z,21,,/about,desktop,2026-03-21T15:51:00Z
691,2026-05-18T16:03:06Z,,,/products/tee,mobile,2026-05-18T21:30:00Z
692,2025-07-06T09:17:55Z,31,,/products/jacket,tablet,2025-07-06T12:59:00Z
693,2025-06-23T18:51:25Z,20,,/products,desktop,2025-06-23T12:08:00Z
694,2026-01-26T19:36:16Z,,,/products/jacket,mobile,2026-01-26T10:03:00Z
695,2026-02-07T18:36:37Z,,,/,desktop,2026-02-07T17:38:00Z
696,2026-01-09T10:30:14Z,,,/products,tablet,2026-01-09T22:21:00Z
697,2025-06-23T03:45:05Z,,,/checkout,mobile,2025-06-23T09:10:00Z
698,2026-02-28T09:24:17Z,,,/checkout,mobile,2026-02-28T19:48:00Z
699,2026-06-04T21:39:46Z,11,,/checkout,mobile,2026-06-04T15:21:00Z
700,2026-02-20T22:36:22Z,34,,/about,desktop,2026-02-20T18:03:00Z
701,2025-07-01T04:04:28Z,,,/checkout,tablet,2025-07-01T21:57:00Z
702,2026-03-06T20:53:04Z,35,,/products,tablet,2026-03-06T19:58:00Z
703,2026-06-15T14:57:05Z,,,/blog/sizing-guide,tablet,2026-06-15T16:19:00Z
704,2025-08-13T10:51:06Z,,,/products,mobile,2025-08-13T15:48:00Z
705,2026-06-22T05:33:25Z,12,,/about,desktop,2026-06-22T20:01:00Z
706,2025-07-17T16:32:21Z,,,/,desktop,2025-07-17T18:15:00Z
707,2026-02-07T15:53:34Z,,gclid-11-u5a2x54u44,/products/jacket,mobile,2026-02-07T18:03:00Z
708,2025-10-07T10:09:35Z,,,/checkout,desktop,2025-10-07T07:52:00Z
709,2026-05-10T11:05:40Z,33,,/checkout,desktop,2026-05-10T23:29:00Z
710,2026-04-19T00:49:53Z,26,,/,tablet,2026-04-19T23:07:00Z
711,2025-06-02T18:15:50Z,35,,/products,tablet,2025-06-02T15:19:00Z
712,2025-06-08T20:55:20Z,28,,/,tablet,2025-06-08T01:44:00Z
713,2025-12-28T10:52:34Z,,,/about,desktop,2025-12-28T01:18:00Z
714,2025-09-15T01:56:08Z,,gclid-7-o672th1fph,/products/tee,tablet,2025-09-15T23:38:00Z
715,2025-10-23T18:15:13Z,,,/,tablet,2025-10-23T00:40:00Z
716,2025-09-18T17:20:55Z,,,/products/jacket,desktop,2025-09-18T11:40:00Z
717,2025-08-28T14:42:15Z,25,gclid-13-irgm5dkoyb,/products,tablet,2025-08-28T07:30:00Z
718,2025-12-05T05:29:01Z,,,/products/jacket,tablet,2025-12-05T12:26:00Z
719,2025-04-03T10:58:15Z,,gclid-13-3j3yc6wz8l,/products,mobile,2025-04-03T17:55:00Z
720,2026-05-24T20:58:19Z,24,,/,desktop,2026-05-24T06:42:00Z
721,2026-01-12T17:00:08Z,17,,/products,mobile,2026-01-12T13:13:00Z
722,2025-11-03T04:59:54Z,17,,/about,mobile,2025-11-03T14:07:00Z
723,2025-12-27T18:14:37Z,2,,/checkout,mobile,2025-12-27T18:51:00Z
724,2025-04-23T13:31:25Z,,gclid-1-ugt47s151m,/blog/sizing-guide,tablet,2025-04-23T07:53:00Z
725,2026-05-31T10:34:47Z,32,,/,mobile,2026-05-31T08:56:00Z
726,2025-07-10T00:41:27Z,,,/,desktop,2025-07-10T12:53:00Z
727,2026-06-01T08:49:46Z,20,,/products,tablet,2026-06-01T16:48:00Z
728,2025-12-24T02:32:31Z,,gclid-12-8iio1q3dzv,/checkout,desktop,2025-12-24T11:12:00Z
729,2025-12-19T20:55:26Z,9,,/products/jacket,desktop,2025-12-19T11:16:00Z
730,2026-05-09T05:02:59Z,,gclid-6-5idbxqejka,/about,tablet,2026-05-09T15:44:00Z
731,2026-01-28T22:17:06Z,24,,/blog/sizing-guide,desktop,2026-01-28T17:41:00Z
732,2025-05-09T01:39:30Z,10,,/products,mobile,2025-05-09T17:29:00Z
733,2025-04-15T18:46:47Z,25,,/products/tee,tablet,2025-04-15T13:13:00Z
734,2025-07-03T05:23:05Z,,,/blog/sizing-guide,desktop,2025-07-03T05:18:00Z
735,2025-04-08T08:53:56Z,,,/products,mobile,2025-04-08T03:06:00Z
736,2025-12-30T19:03:02Z,28,gclid-4-yhrfozg7fb,/checkout,mobile,2025-12-30T07:25:00Z
737,2026-05-16T13:46:08Z,27,gclid-1-aqvbdim28a,/products/jacket,desktop,2026-05-16T19:29:00Z
738,2025-05-16T06:48:49Z,,gclid-6-dh3u0rcofe,/blog/sizing-guide,mobile,2025-05-16T10:55:00Z
739,2026-03-30T08:47:26Z,,,/,tablet,2026-03-30T05:35:00Z
740,2026-05-19T02:30:53Z,16,gclid-14-b931k26gfx,/,desktop,2026-05-19T10:11:00Z
741,2025-07-19T18:17:48Z,,gclid-1-vk32rgwhgx,/products/tee,mobile,2025-07-19T03:14:00Z
742,2025-06-06T15:26:05Z,,,/products/tee,tablet,2025-06-06T17:01:00Z
743,2026-03-13T04:17:22Z,35,,/products/tee,desktop,2026-03-13T12:02:00Z
744,2025-06-07T03:06:36Z,35,,/checkout,desktop,2025-06-07T05:51:00Z
745,2025-11-07T17:56:25Z,,,/about,tablet,2025-11-07T17:56:00Z
746,2025-10-29T08:30:35Z,,,/checkout,tablet,2025-10-29T13:08:00Z
747,2025-07-19T14:24:03Z,,,/products/tee,mobile,2025-07-19T14:16:00Z
748,2025-04-13T16:47:14Z,,,/,tablet,2025-04-13T03:36:00Z
749,2025-04-17T15:18:39Z,28,,/products/tee,desktop,2025-04-17T01:25:00Z
750,2026-01-18T23:46:48Z,,,/products,mobile,2026-01-18T19:46:00Z
751,2026-02-15T04:53:12Z,,,/products/tee,tablet,2026-02-15T08:32:00Z
752,2025-11-10T08:28:02Z,37,,/checkout,mobile,2025-11-10T10:17:00Z
753,2025-11-08T05:09:45Z,11,,/products,tablet,2025-11-08T23:31:00Z
754,2026-03-18T23:09:55Z,,gclid-1-51aatn209q,/checkout,desktop,2026-03-18T19:00:00Z
755,2025-04-02T16:33:36Z,,,/,desktop,2025-04-02T08:07:00Z
756,2025-10-25T00:01:37Z,,,/products/jacket,tablet,2025-10-25T23:40:00Z
757,2025-06-17T07:08:43Z,,,/about,tablet,2025-06-17T21:34:00Z
758,2026-05-01T18:46:29Z,,,/products/jacket,desktop,2026-05-01T17:50:00Z
759,2026-04-11T10:19:34Z,,,/blog/sizing-guide,tablet,2026-04-11T13:30:00Z
760,2025-08-11T12:15:02Z,,gclid-9-yied48cd5l,/about,tablet,2025-08-11T17:41:00Z
761,2025-10-07T22:16:21Z,,,/blog/sizing-guide,mobile,2025-10-07T04:01:00Z
762,2025-07-06T20:16:51Z,24,,/products,mobile,2025-07-06T07:17:00Z
763,2025-10-29T13:01:28Z,,,/checkout,tablet,2025-10-29T08:18:00Z
764,2026-01-23T22:17:55Z,,,/about,desktop,2026-01-23T03:03:00Z
765,2026-01-07T04:17:56Z,9,,/about,tablet,2026-01-07T02:44:00Z
766,2025-12-16T04:58:08Z,,,/checkout,mobile,2025-12-16T00:09:00Z
767,2025-10-18T04:02:33Z,,,/products/jacket,mobile,2025-10-18T22:20:00Z
768,2025-06-09T14:14:50Z,,,/products,mobile,2025-06-09T09:10:00Z
769,2025-07-23T11:29:01Z,40,gclid-4-9ufzdepcgw,/products/tee,mobile,2025-07-23T18:01:00Z
770,2025-08-25T21:55:57Z,,,/,mobile,2025-08-25T19:11:00Z
771,2025-07-22T01:16:27Z,9,,/checkout,desktop,2025-07-22T16:09:00Z
772,2025-11-21T02:01:05Z,,,/products,desktop,2025-11-21T04:36:00Z
773,2026-04-12T20:27:04Z,17,,/checkout,tablet,2026-04-12T11:00:00Z
774,2025-12-11T23:27:27Z,17,,/products/tee,mobile,2025-12-11T23:02:00Z
775,2026-06-23T09:41:11Z,,,/products/jacket,desktop,2026-06-23T20:19:00Z
776,2025-10-14T00:06:39Z,24,gclid-16-z298l4jm8c,/products/jacket,tablet,2025-10-14T05:10:00Z
777,2025-09-10T03:47:43Z,,gclid-6-o9s4znmzof,/products,mobile,2025-09-10T02:59:00Z
778,2026-02-13T14:56:26Z,,,/blog/sizing-guide,mobile,2026-02-13T19:18:00Z
779,2025-11-29T14:53:05Z,,,/about,desktop,2025-11-29T11:00:00Z
780,2025-04-19T13:59:06Z,37,,/products/jacket,mobile,2025-04-19T04:08:00Z
781,2025-07-30T10:55:17Z,20,,/about,mobile,2025-07-30T23:48:00Z
782,2025-10-11T17:09:07Z,28,gclid-9-v1fj2aoy2x,/,desktop,2025-10-11T03:42:00Z
783,2026-03-30T19:31:49Z,,gclid-5-qayiiy2s53,/about,desktop,2026-03-30T16:33:00Z
784,2025-08-20T18:51:26Z,,,/products/jacket,mobile,2025-08-20T00:22:00Z
785,2026-06-08T03:52:06Z,11,,/blog/sizing-guide,mobile,2026-06-08T09:12:00Z
786,2026-03-03T23:17:05Z,2,,/,tablet,2026-03-03T12:03:00Z
787,2025-09-07T19:47:33Z,,,/products,mobile,2025-09-07T04:06:00Z
788,2026-04-01T23:41:55Z,4,,/products,desktop,2026-04-01T01:44:00Z
789,2025-07-13T03:38:28Z,,,/checkout,desktop,2025-07-13T02:05:00Z
790,2026-05-19T08:02:00Z,,gclid-16-3i1rd31tb0,/about,mobile,2026-05-19T04:48:00Z
791,2025-09-29T21:45:39Z,,,/about,tablet,2025-09-29T08:06:00Z
792,2026-01-23T20:18:54Z,,,/checkout,mobile,2026-01-23T11:58:00Z
793,2025-04-05T20:07:04Z,,gclid-8-mferft5p0q,/blog/sizing-guide,mobile,2025-04-05T19:48:00Z
794,2025-04-29T22:14:29Z,,gclid-14-aydw9f6y5v,/products/jacket,mobile,2025-04-29T15:31:00Z
795,2026-05-02T03:34:12Z,,,/,mobile,2026-05-02T13:35:00Z
796,2026-06-17T03:57:57Z,,gclid-1-yznm5saxyk,/blog/sizing-guide,desktop,2026-06-17T06:56:00Z
797,2025-10-20T05:10:52Z,,gclid-13-v1t4jxa2ym,/products/jacket,tablet,2025-10-20T22:07:00Z
798,2025-08-04T18:54:58Z,,,/products,desktop,2025-08-04T10:03:00Z
799,2026-04-12T03:53:26Z,,,/products/jacket,desktop,2026-04-12T00:30:00Z
800,2025-04-05T06:12:23Z,,gclid-9-6f4zzw5uk4,/checkout,desktop,2025-04-05T07:01:00Z
801,2025-04-06T09:58:06Z,,,/blog/sizing-guide,desktop,2025-04-06T00:20:00Z
802,2026-06-14T07:02:09Z,,gclid-13-rn3tnkziy7,/blog/sizing-guide,mobile,2026-06-14T07:19:00Z
803,2026-01-07T02:05:00Z,,,/blog/sizing-guide,mobile,2026-01-07T15:26:00Z
804,2025-08-11T04:31:32Z,,,/products/jacket,desktop,2025-08-11T10:30:00Z
805,2025-08-05T17:21:20Z,,,/,desktop,2025-08-05T17:49:00Z
806,2025-05-10T14:58:31Z,15,,/checkout,mobile,2025-05-10T18:31:00Z
807,2025-12-16T03:21:23Z,3,gclid-15-f0akk14nk1,/products/jacket,desktop,2025-12-16T01:22:00Z
808,2025-05-04T14:06:01Z,33,,/products/jacket,desktop,2025-05-04T11:24:00Z
809,2026-05-18T08:48:41Z,,,/blog/sizing-guide,desktop,2026-05-18T15:42:00Z
810,2026-04-06T01:13:06Z,15,,/checkout,desktop,2026-04-06T05:56:00Z
811,2025-11-13T09:52:04Z,,,/products/tee,tablet,2025-11-13T14:42:00Z
812,2025-07-02T12:03:10Z,26,,/about,tablet,2025-07-02T12:09:00Z
813,2025-11-17T05:35:33Z,,,/products/jacket,mobile,2025-11-17T13:16:00Z
814,2025-06-09T00:28:41Z,,,/products,mobile,2025-06-09T02:55:00Z
815,2026-06-02T22:13:21Z,,gclid-13-ryme6psrb6,/about,desktop,2026-06-02T08:33:00Z
816,2025-12-24T12:37:43Z,22,gclid-12-1jmas41ru0,/products/tee,tablet,2025-12-24T14:27:00Z
817,2025-08-10T00:20:12Z,,,/products/jacket,mobile,2025-08-10T01:47:00Z
818,2025-11-29T16:38:56Z,,,/products/tee,mobile,2025-11-29T05:27:00Z
819,2026-06-10T02:37:45Z,34,,/products/tee,desktop,2026-06-10T05:30:00Z
820,2025-07-17T12:47:53Z,,gclid-6-cg7fd143xr,/checkout,desktop,2025-07-17T15:06:00Z
821,2025-11-03T05:03:49Z,,gclid-12-ejtuin748a,/checkout,desktop,2025-11-03T05:01:00Z
822,2025-07-02T23:26:36Z,18,,/products,tablet,2025-07-02T12:17:00Z
823,2025-12-10T02:03:27Z,,,/products/jacket,mobile,2025-12-10T00:58:00Z
824,2025-07-20T02:25:59Z,,gclid-2-5y7khg4g7n,/products,desktop,2025-07-20T14:10:00Z
825,2026-01-14T08:50:28Z,36,,/,tablet,2026-01-14T07:36:00Z
826,2025-04-17T23:25:48Z,11,,/products/tee,tablet,2025-04-17T23:39:00Z
827,2026-05-24T17:20:06Z,39,,/products,desktop,2026-05-24T14:44:00Z
828,2025-06-20T15:11:34Z,37,,/,mobile,2025-06-20T07:22:00Z
829,2026-02-28T01:19:49Z,,,/products,mobile,2026-02-28T22:26:00Z
830,2025-11-18T12:41:21Z,,,/products,tablet,2025-11-18T20:19:00Z
831,2025-09-30T06:37:31Z,,gclid-12-a0stka0914,/,desktop,2025-09-30T01:34:00Z
832,2025-04-06T21:45:59Z,,gclid-6-vf16185ibj,/checkout,desktop,2025-04-06T18:14:00Z
833,2025-06-28T05:22:12Z,11,gclid-8-mb362m9e5i,/products/tee,mobile,2025-06-28T10:50:00Z
834,2026-04-03T21:57:02Z,,gclid-10-zhg1gf4ofp,/,tablet,2026-04-03T00:22:00Z
835,2026-01-14T23:47:34Z,9,,/blog/sizing-guide,mobile,2026-01-14T08:05:00Z
836,2025-06-22T18:03:28Z,,,/products/jacket,mobile,2025-06-22T19:38:00Z
837,2026-02-09T04:03:07Z,,gclid-13-hrlnf6nv5x,/checkout,desktop,2026-02-09T14:21:00Z
838,2026-02-13T03:37:08Z,,gclid-8-dn0ep8rf4w,/products/jacket,mobile,2026-02-13T12:06:00Z
839,2025-06-12T22:01:56Z,15,,/,desktop,2025-06-12T18:37:00Z
840,2025-06-21T21:47:56Z,9,,/products/tee,desktop,2025-06-21T06:10:00Z
841,2026-03-28T03:04:22Z,,,/products/tee,desktop,2026-03-28T10:06:00Z
842,2025-08-17T06:46:49Z,,gclid-4-kxb4rvwjve,/about,tablet,2025-08-17T08:55:00Z
843,2025-06-07T04:05:32Z,,,/products/tee,tablet,2025-06-07T21:20:00Z
844,2026-03-25T17:50:07Z,,,/,mobile,2026-03-25T17:30:00Z
845,2025-12-09T01:27:31Z,,,/products,desktop,2025-12-09T07:48:00Z
846,2025-06-27T18:37:35Z,40,,/,desktop,2025-06-27T10:29:00Z
847,2026-04-02T17:42:18Z,34,,/products/tee,tablet,2026-04-02T16:50:00Z
848,2026-05-07T11:47:33Z,,,/checkout,desktop,2026-05-07T10:44:00Z
849,2025-11-10T22:50:30Z,,gclid-1-0jrx2n75wl,/products/tee,desktop,2025-11-10T18:25:00Z
850,2025-06-26T17:10:11Z,7,gclid-6-m27o19qtg1,/products,tablet,2025-06-26T00:05:00Z
851,2026-06-10T05:50:10Z,19,gclid-6-v2vxo3peoj,/blog/sizing-guide,mobile,2026-06-10T01:37:00Z
852,2025-10-02T13:12:11Z,,gclid-2-aic0dhnhwe,/products/tee,mobile,2025-10-02T02:05:00Z
853,2026-01-29T07:24:54Z,2,gclid-5-qxlkdyp4rp,/products,mobile,2026-01-29T09:13:00Z
854,2026-03-29T16:45:22Z,,gclid-8-qhpqpfie95,/blog/sizing-guide,mobile,2026-03-29T03:00:00Z
855,2026-02-24T19:16:18Z,,,/products/tee,desktop,2026-02-24T06:45:00Z
856,2025-05-21T12:22:17Z,13,,/products/jacket,desktop,2025-05-21T14:30:00Z
857,2026-03-04T12:33:23Z,,,/blog/sizing-guide,desktop,2026-03-04T13:54:00Z
858,2026-03-21T06:50:16Z,3,,/blog/sizing-guide,mobile,2026-03-21T13:51:00Z
859,2025-05-06T15:20:54Z,,,/products/jacket,desktop,2025-05-06T02:53:00Z
860,2026-06-08T15:39:39Z,12,,/,desktop,2026-06-08T09:35:00Z
861,2025-07-22T14:19:17Z,32,,/products,desktop,2025-07-22T08:22:00Z
862,2025-11-06T10:50:12Z,17,,/products/jacket,tablet,2025-11-06T00:10:00Z
863,2025-10-01T09:49:34Z,9,,/products/jacket,tablet,2025-10-01T18:02:00Z
864,2025-08-22T22:29:11Z,,gclid-9-ca8vi5wl0j,/,mobile,2025-08-22T23:17:00Z
865,2025-07-30T10:49:37Z,,,/,tablet,2025-07-30T07:30:00Z
866,2025-12-30T02:16:43Z,27,,/about,desktop,2025-12-30T09:14:00Z
867,2025-11-20T16:58:33Z,4,gclid-13-0c148mo64e,/products/jacket,desktop,2025-11-20T12:35:00Z
868,2026-05-20T02:23:42Z,,gclid-12-30u7frzud1,/products/tee,mobile,2026-05-20T01:44:00Z
869,2025-11-19T20:53:53Z,16,,/products/tee,mobile,2025-11-19T13:02:00Z
870,2025-09-20T01:14:45Z,28,gclid-8-hoxxaoz5e7,/products,tablet,2025-09-20T05:26:00Z
871,2025-10-28T15:58:36Z,,,/checkout,desktop,2025-10-28T16:28:00Z
872,2025-12-17T20:32:27Z,,,/products/tee,tablet,2025-12-17T19:51:00Z
873,2026-05-29T01:24:30Z,,,/products,mobile,2026-05-29T21:52:00Z
874,2025-06-26T22:32:44Z,,,/blog/sizing-guide,mobile,2025-06-26T12:01:00Z
875,2026-04-15T10:51:40Z,20,,/checkout,desktop,2026-04-15T04:53:00Z
876,2025-05-31T22:29:03Z,,gclid-14-11to0bogcc,/blog/sizing-guide,desktop,2025-05-31T18:59:00Z
877,2026-03-13T00:30:12Z,,,/products,tablet,2026-03-13T19:05:00Z
878,2026-03-11T18:52:34Z,,,/checkout,desktop,2026-03-11T13:44:00Z
879,2025-09-13T06:49:51Z,1,gclid-14-3ljokbzvyx,/,tablet,2025-09-13T07:20:00Z
880,2025-09-02T21:40:38Z,23,,/blog/sizing-guide,tablet,2025-09-02T19:26:00Z
881,2025-11-17T00:24:38Z,,gclid-15-gn9t8jus1x,/products,desktop,2025-11-17T22:09:00Z
882,2026-05-06T22:43:52Z,,,/checkout,desktop,2026-05-06T13:30:00Z
883,2025-12-14T00:24:40Z,,,/about,desktop,2025-12-14T21:07:00Z
884,2025-09-23T20:33:37Z,,,/,desktop,2025-09-23T12:41:00Z
885,2026-06-10T08:56:49Z,,,/products,tablet,2026-06-10T16:05:00Z
886,2025-09-16T00:12:28Z,4,,/checkout,desktop,2025-09-16T13:40:00Z
887,2025-08-31T01:28:56Z,35,gclid-2-s68cfff8tx,/blog/sizing-guide,mobile,2025-08-31T09:53:00Z
888,2025-12-26T10:48:01Z,10,,/checkout,tablet,2025-12-26T21:37:00Z
889,2025-09-21T18:11:41Z,,,/,desktop,2025-09-21T13:34:00Z
890,2025-04-02T13:59:37Z,,,/products/jacket,desktop,2025-04-02T05:51:00Z
891,2025-11-28T12:25:08Z,9,gclid-1-iec1g7h6jj,/products/tee,tablet,2025-11-28T12:40:00Z
892,2026-02-28T05:41:16Z,,,/blog/sizing-guide,mobile,2026-02-28T00:05:00Z
893,2025-07-01T00:47:47Z,,gclid-5-kxnoad78qi,/products,tablet,2025-07-01T08:36:00Z
894,2025-11-18T12:52:52Z,40,,/products/jacket,tablet,2025-11-18T14:00:00Z
895,2025-06-07T09:15:24Z,,,/about,mobile,2025-06-07T01:22:00Z
896,2025-09-29T07:44:48Z,,,/,tablet,2025-09-29T17:52:00Z
897,2025-11-12T11:49:17Z,,,/blog/sizing-guide,mobile,2025-11-12T22:17:00Z
898,2026-06-05T16:34:09Z,,gclid-15-9in7ofhepn,/blog/sizing-guide,mobile,2026-06-05T19:49:00Z
899,2026-02-14T16:26:18Z,38,,/products/tee,tablet,2026-02-14T15:58:00Z
900,2026-06-12T21:57:11Z,17,gclid-6-vnfowapcq7,/checkout,mobile,2026-06-12T05:12:00Z
