id,ad_id,date,impressions,clicks,cost,conversions,_fivetran_synced
1,1,2025-08-23,582,43,66.14,0,2025-08-23T15:30:00Z
2,1,2025-08-24,1075,75,121.01,1,2025-08-24T00:24:00Z
3,1,2025-08-25,1286,96,139.12,3,2025-08-25T22:46:00Z
4,1,2025-08-26,3408,166,225.06,3,2025-08-26T09:13:00Z
5,1,2025-08-27,439,22,24.4,1,2025-08-27T01:03:00Z
6,1,2025-08-28,2592,112,183.36,7,2025-08-28T01:32:00Z
7,1,2025-08-29,528,36,16.05,0,2025-08-29T07:25:00Z
8,1,2025-08-30,691,52,59.67,3,2025-08-30T01:39:00Z
9,1,2025-08-31,535,21,24.51,1,2025-08-31T08:13:00Z
10,1,2025-09-01,2943,176,120.41,8,2025-09-01T21:41:00Z
11,1,2025-09-02,1428,59,97.39,6,2025-09-02T00:29:00Z
12,1,2025-09-03,2744,219,382.05,1,2025-09-03T06:32:00Z
13,1,2025-09-04,1286,24,20.13,0,2025-09-04T07:23:00Z
14,1,2025-09-05,1367,28,42.48,2,2025-09-05T19:51:00Z
15,1,2025-09-06,2878,135,173.48,8,2025-09-06T21:06:00Z
16,1,2025-09-07,3796,73,37.35,0,2025-09-07T17:09:00Z
17,1,2025-09-08,1315,39,25.15,1,2025-09-08T21:40:00Z
18,1,2025-09-09,3693,105,108.56,11,2025-09-09T01:05:00Z
19,1,2025-09-10,2798,110,81.11,0,2025-09-10T04:40:00Z
20,1,2025-09-11,1272,27,26.15,2,2025-09-11T17:00:00Z
21,1,2025-09-12,658,10,15.86,1,2025-09-12T17:02:00Z
22,1,2025-09-13,3618,129,144.94,6,2025-09-13T01:19:00Z
23,1,2025-09-14,1693,123,180.14,12,2025-09-14T11:13:00Z
24,1,2025-09-15,2993,82,40.5,7,2025-09-15T13:39:00Z
25,1,2025-09-16,3269,68,112.32,7,2025-09-16T05:56:00Z
26,2,2025-08-11,3404,255,375.65,26,2025-08-11T07:17:00Z
27,2,2025-08-12,852,55,27.57,5,2025-08-12T15:14:00Z
28,2,2025-08-13,1017,68,67.62,2,2025-08-13T07:14:00Z
29,2,2025-08-14,296,16,14.53,0,2025-08-14T02:49:00Z
30,2,2025-08-15,1343,46,48.91,3,2025-08-15T17:21:00Z
31,2,2025-08-16,313,5,8.54,0,2025-08-16T08:02:00Z
32,2,2025-08-17,644,33,27.52,3,2025-08-17T13:38:00Z
33,2,2025-08-18,2294,41,65.98,0,2025-08-18T01:45:00Z
34,2,2025-08-19,1986,20,32.92,1,2025-08-19T23:47:00Z
35,2,2025-08-20,3218,183,157.36,1,2025-08-20T21:58:00Z
36,2,2025-08-21,1552,83,106.14,1,2025-08-21T09:32:00Z
37,2,2025-08-22,1466,83,66.95,6,2025-08-22T17:08:00Z
38,2,2025-08-23,985,38,63.33,3,2025-08-23T05:39:00Z
39,2,2025-08-24,2531,78,87.13,0,2025-08-24T09:13:00Z
40,2,2025-08-25,1960,127,152.31,4,2025-08-25T14:28:00Z
41,2,2025-08-26,2967,74,74.92,8,2025-08-26T23:10:00Z
42,2,2025-08-27,2898,46,49.3,3,2025-08-27T10:05:00Z
43,2,2025-08-28,3552,272,184.64,10,2025-08-28T06:09:00Z
44,2,2025-08-29,300,3,5.18,0,2025-08-29T02:29:00Z
45,2,2025-08-30,1897,136,157.21,11,2025-08-30T12:31:00Z
46,2,2025-08-31,1836,49,62.16,0,2025-08-31T03:49:00Z
47,2,2025-09-01,1941,49,72.31,4,2025-09-01T14:03:00Z
48,2,2025-09-02,2483,68,104.56,3,2025-09-02T14:42:00Z
49,2,2025-09-03,2375,187,221.34,21,2025-09-03T14:39:00Z
50,2,2025-09-04,3538,213,225.07,21,2025-09-04T17:28:00Z
51,2,2025-09-05,3874,81,126.04,4,2025-09-05T07:53:00Z
52,2,2025-09-06,2811,82,117.98,4,2025-09-06T07:17:00Z
53,2,2025-09-07,2001,30,22.5,0,2025-09-07T10:57:00Z
54,2,2025-09-08,2412,37,20.76,1,2025-09-08T04:45:00Z
55,2,2025-09-09,1076,15,13.81,0,2025-09-09T13:03:00Z
56,2,2025-09-10,1047,71,63.56,6,2025-09-10T22:01:00Z
57,2,2025-09-11,3709,265,306.33,15,2025-09-11T11:19:00Z
58,2,2025-09-12,3286,122,194.99,12,2025-09-12T17:47:00Z
59,2,2025-09-13,3209,154,183.96,4,2025-09-13T07:17:00Z
60,2,2025-09-14,1985,87,77.81,6,2025-09-14T12:46:00Z
61,3,2025-08-10,2387,28,25.25,1,2025-08-10T00:05:00Z
62,3,2025-08-11,2832,113,176.69,2,2025-08-11T08:24:00Z
63,3,2025-08-12,1540,38,30.69,3,2025-08-12T12:17:00Z
64,3,2025-08-13,3280,251,235.99,25,2025-08-13T15:01:00Z
65,3,2025-08-14,3268,156,272.98,6,2025-08-14T20:04:00Z
66,3,2025-08-15,3399,261,106.06,0,2025-08-15T07:12:00Z
67,3,2025-08-16,3637,41,23.1,0,2025-08-16T21:07:00Z
68,3,2025-08-17,2510,191,191.2,5,2025-08-17T11:10:00Z
69,3,2025-08-18,2681,140,195.59,1,2025-08-18T05:19:00Z
70,3,2025-08-19,642,32,52.81,2,2025-08-19T12:25:00Z
71,3,2025-08-20,3128,74,87.24,7,2025-08-20T07:06:00Z
72,3,2025-08-21,3055,195,300.38,14,2025-08-21T03:50:00Z
73,3,2025-08-22,2518,163,136.28,8,2025-08-22T11:04:00Z
74,3,2025-08-23,2272,125,45.96,6,2025-08-23T15:06:00Z
75,3,2025-08-24,1975,152,188.45,15,2025-08-24T22:09:00Z
76,3,2025-08-25,1983,44,47.54,3,2025-08-25T19:51:00Z
77,3,2025-08-26,3966,189,194.08,9,2025-08-26T23:37:00Z
78,3,2025-08-27,1299,42,29.14,4,2025-08-27T08:56:00Z
79,3,2025-08-28,2046,55,55.03,4,2025-08-28T12:21:00Z
80,3,2025-08-29,317,14,11.27,0,2025-08-29T11:51:00Z
81,3,2025-08-30,1258,42,66.46,3,2025-08-30T08:35:00Z
82,3,2025-08-31,241,11,6.79,0,2025-08-31T13:31:00Z
83,3,2025-09-01,2474,156,205.43,12,2025-09-01T15:28:00Z
84,3,2025-09-02,3447,38,28.95,1,2025-09-02T07:19:00Z
85,3,2025-09-03,2919,148,149.86,9,2025-09-03T13:47:00Z
86,3,2025-09-04,2454,81,108.05,2,2025-09-04T08:14:00Z
87,3,2025-09-05,694,41,32.46,3,2025-09-05T22:11:00Z
88,3,2025-09-06,984,24,24.67,2,2025-09-06T16:38:00Z
89,3,2025-09-07,1359,106,160.66,3,2025-09-07T11:11:00Z
90,3,2025-09-08,1438,15,16.47,0,2025-09-08T01:35:00Z
91,3,2025-09-09,1396,82,43.2,8,2025-09-09T15:06:00Z
92,3,2025-09-10,3774,40,29.92,2,2025-09-10T10:11:00Z
93,3,2025-09-11,410,11,17.12,0,2025-09-11T02:25:00Z
94,3,2025-09-12,2214,33,40.63,0,2025-09-12T04:51:00Z
95,3,2025-09-13,2505,191,89.63,5,2025-09-13T17:48:00Z
96,3,2025-09-14,1904,99,144.25,2,2025-09-14T16:24:00Z
97,3,2025-09-15,2045,150,114.94,10,2025-09-15T13:19:00Z
98,3,2025-09-16,2529,135,162.47,11,2025-09-16T06:40:00Z
99,3,2025-09-17,1064,30,13.91,0,2025-09-17T17:04:00Z
100,3,2025-09-18,841,8,7.85,0,2025-09-18T09:02:00Z
101,3,2025-09-19,1148,34,25.36,3,2025-09-19T02:43:00Z
102,3,2025-09-20,1156,86,124.95,6,2025-09-20T21:51:00Z
103,3,2025-09-21,1010,40,44.5,3,2025-09-21T08:52:00Z
104,3,2025-09-22,782,11,6.41,0,2025-09-22T23:52:00Z
105,4,2025-08-15,709,30,23.27,1,2025-08-15T08:32:00Z
106,4,2025-08-16,2411,107,49.5,0,2025-08-16T13:47:00Z
107,4,2025-08-17,1520,79,30.51,2,2025-08-17T21:53:00Z
108,4,2025-08-18,3724,187,314.37,22,2025-08-18T21:52:00Z
109,4,2025-08-19,1303,65,92.19,1,2025-08-19T16:41:00Z
110,4,2025-08-20,2011,149,90.01,10,2025-08-20T20:52:00Z
111,4,2025-08-21,2214,172,173.38,8,2025-08-21T10:42:00Z
112,4,2025-08-22,628,43,34.9,3,2025-08-22T09:42:00Z
113,4,2025-08-23,1840,123,137.78,6,2025-08-23T10:16:00Z
114,4,2025-08-24,1524,27,38.65,2,2025-08-24T00:42:00Z
115,4,2025-08-25,3760,180,167.14,4,2025-08-25T11:39:00Z
116,4,2025-08-26,3298,148,143.39,0,2025-08-26T08:35:00Z
117,4,2025-08-27,736,55,52.98,4,2025-08-27T03:01:00Z
118,4,2025-08-28,2780,146,100.01,2,2025-08-28T17:00:00Z
119,4,2025-08-29,2462,94,62.47,9,2025-08-29T03:29:00Z
120,4,2025-08-30,681,37,20.93,4,2025-08-30T09:32:00Z
121,4,2025-08-31,3089,90,136.68,10,2025-08-31T07:29:00Z
122,4,2025-09-01,2457,49,30.23,3,2025-09-01T23:56:00Z
123,4,2025-09-02,759,53,39.05,5,2025-09-02T13:21:00Z
124,4,2025-09-03,3426,156,233.81,5,2025-09-03T09:53:00Z
125,4,2025-09-04,2604,131,166.88,13,2025-09-04T14:34:00Z
126,4,2025-09-05,2183,74,83.08,4,2025-09-05T14:59:00Z
127,4,2025-09-06,1518,107,184.37,3,2025-09-06T12:14:00Z
128,4,2025-09-07,3706,238,97.84,21,2025-09-07T22:58:00Z
129,4,2025-09-08,3523,129,223.66,12,2025-09-08T20:09:00Z
130,4,2025-09-09,2228,172,90.6,19,2025-09-09T10:55:00Z
131,4,2025-09-10,611,43,41.56,2,2025-09-10T14:00:00Z
132,4,2025-09-11,3159,63,98.87,7,2025-09-11T02:30:00Z
133,4,2025-09-12,3401,264,217.53,21,2025-09-12T20:05:00Z
134,4,2025-09-13,3688,121,156.59,7,2025-09-13T10:40:00Z
135,4,2025-09-14,3143,226,233.49,14,2025-09-14T19:04:00Z
136,4,2025-09-15,1161,62,101.64,7,2025-09-15T23:05:00Z
137,4,2025-09-16,1977,155,219.25,13,2025-09-16T03:28:00Z
138,4,2025-09-17,881,51,82.35,0,2025-09-17T01:18:00Z
139,4,2025-09-18,1668,60,33.23,3,2025-09-18T18:43:00Z
140,4,2025-09-19,3446,77,45.82,5,2025-09-19T12:39:00Z
141,4,2025-09-20,2998,80,130.24,1,2025-09-20T14:40:00Z
142,4,2025-09-21,1240,52,66.75,5,2025-09-21T14:57:00Z
143,4,2025-09-22,1378,79,45.12,4,2025-09-22T11:37:00Z
144,5,2025-10-20,636,16,18.41,1,2025-10-20T22:18:00Z
145,5,2025-10-21,289,22,27.97,0,2025-10-21T18:55:00Z
146,5,2025-10-22,3009,194,332.33,21,2025-10-22T23:31:00Z
147,5,2025-10-23,3611,264,198.18,25,2025-10-23T19:51:00Z
148,5,2025-10-24,1643,41,25.26,1,2025-10-24T23:49:00Z
149,5,2025-10-25,2900,167,90.43,1,2025-10-25T20:41:00Z
150,5,2025-10-26,361,11,10.64,0,2025-10-26T23:08:00Z
151,5,2025-10-27,569,41,33.1,2,2025-10-27T06:08:00Z
152,5,2025-10-28,3421,163,278.74,10,2025-10-28T08:53:00Z
153,5,2025-10-29,873,24,36.11,1,2025-10-29T09:47:00Z
154,5,2025-10-30,3765,126,64.42,14,2025-10-30T04:48:00Z
155,5,2025-10-31,1124,78,106.38,9,2025-10-31T17:23:00Z
156,5,2025-11-01,569,37,13.67,2,2025-11-01T14:23:00Z
157,5,2025-11-02,2955,184,131.93,8,2025-11-02T20:23:00Z
158,5,2025-11-03,643,36,36.36,2,2025-11-03T17:20:00Z
159,5,2025-11-04,3948,208,261.4,15,2025-11-04T14:58:00Z
160,5,2025-11-05,3071,95,87.55,1,2025-11-05T01:19:00Z
161,5,2025-11-06,2217,40,27.15,2,2025-11-06T12:29:00Z
162,5,2025-11-07,1719,97,134.87,11,2025-11-07T13:37:00Z
163,5,2025-11-08,3240,197,313.15,15,2025-11-08T15:39:00Z
164,5,2025-11-09,1871,141,104.57,11,2025-11-09T06:28:00Z
165,5,2025-11-10,2021,154,238.34,1,2025-11-10T21:23:00Z
166,5,2025-11-11,2430,177,221.74,1,2025-11-11T08:12:00Z
167,5,2025-11-12,700,53,79.7,0,2025-11-12T06:41:00Z
168,5,2025-11-13,2819,146,55.47,13,2025-11-13T07:08:00Z
169,5,2025-11-14,3423,169,75.38,15,2025-11-14T06:37:00Z
170,5,2025-11-15,1084,72,48.69,6,2025-11-15T19:00:00Z
171,5,2025-11-16,1335,93,51.39,1,2025-11-16T08:51:00Z
172,5,2025-11-17,914,16,25.01,0,2025-11-17T11:50:00Z
173,5,2025-11-18,3429,91,73.1,1,2025-11-18T01:08:00Z
174,5,2025-11-19,3238,127,64.66,0,2025-11-19T14:49:00Z
175,5,2025-11-20,1682,77,38.71,4,2025-11-20T19:02:00Z
176,5,2025-11-21,3178,206,322.14,12,2025-11-21T14:41:00Z
177,5,2025-11-22,327,4,4.08,0,2025-11-22T21:06:00Z
178,5,2025-11-23,2208,132,128.17,14,2025-11-23T10:38:00Z
179,5,2025-11-24,807,11,8.09,0,2025-11-24T17:45:00Z
180,5,2025-11-25,1531,56,66.44,1,2025-11-25T16:38:00Z
181,5,2025-11-26,1962,33,43.97,3,2025-11-26T20:56:00Z
182,5,2025-11-27,3349,162,252.99,8,2025-11-27T07:26:00Z
183,5,2025-11-28,1588,107,97.18,9,2025-11-28T10:27:00Z
184,6,2025-10-03,825,47,47.66,0,2025-10-03T02:05:00Z
185,6,2025-10-04,1968,32,44.3,3,2025-10-04T17:03:00Z
186,6,2025-10-05,2602,200,227.27,16,2025-10-05T13:22:00Z
187,6,2025-10-06,3778,213,298.28,22,2025-10-06T23:03:00Z
188,6,2025-10-07,1378,71,59.8,4,2025-10-07T06:09:00Z
189,6,2025-10-08,2889,126,193.56,5,2025-10-08T17:23:00Z
190,6,2025-10-09,670,42,48.46,4,2025-10-09T17:49:00Z
191,6,2025-10-10,3552,190,246.04,12,2025-10-10T19:59:00Z
192,6,2025-10-11,2894,196,141.99,4,2025-10-11T22:48:00Z
193,6,2025-10-12,1465,109,91.72,2,2025-10-12T04:36:00Z
194,6,2025-10-13,2892,110,60.35,8,2025-10-13T00:05:00Z
195,6,2025-10-14,3256,153,134.13,8,2025-10-14T05:23:00Z
196,6,2025-10-15,1476,89,127.94,6,2025-10-15T02:56:00Z
197,6,2025-10-16,415,8,11.25,0,2025-10-16T02:17:00Z
198,6,2025-10-17,2014,113,116.38,5,2025-10-17T08:13:00Z
199,6,2025-10-18,3292,150,124.99,1,2025-10-18T21:43:00Z
200,6,2025-10-19,2629,115,147.66,0,2025-10-19T12:38:00Z
201,6,2025-10-20,424,4,3.09,0,2025-10-20T04:48:00Z
202,6,2025-10-21,1246,37,19.17,2,2025-10-21T13:11:00Z
203,6,2025-10-22,729,26,34.71,1,2025-10-22T21:51:00Z
204,6,2025-10-23,1650,24,37.36,0,2025-10-23T00:29:00Z
205,6,2025-10-24,3973,61,48.09,3,2025-10-24T12:45:00Z
206,6,2025-10-25,2822,110,56.24,0,2025-10-25T10:10:00Z
207,6,2025-10-26,3482,265,263.45,21,2025-10-26T11:05:00Z
208,6,2025-10-27,1988,137,94.62,9,2025-10-27T16:05:00Z
209,6,2025-10-28,1821,129,179.84,3,2025-10-28T05:04:00Z
210,6,2025-10-29,2290,124,135.51,2,2025-10-29T11:22:00Z
211,6,2025-10-30,3179,245,307.14,4,2025-10-30T03:09:00Z
212,6,2025-10-31,1248,29,34.61,2,2025-10-31T20:04:00Z
213,6,2025-11-01,925,70,86.04,3,2025-11-01T18:48:00Z
214,6,2025-11-02,2573,106,174.24,7,2025-11-02T20:39:00Z
215,6,2025-11-03,1523,107,131.41,1,2025-11-03T02:30:00Z
216,6,2025-11-04,2011,108,158.21,7,2025-11-04T11:32:00Z
217,6,2025-11-05,503,15,14.74,0,2025-11-05T09:04:00Z
218,6,2025-11-06,2840,200,309.48,14,2025-11-06T16:24:00Z
219,6,2025-11-07,2095,106,178.71,9,2025-11-07T01:28:00Z
220,7,2025-10-31,817,62,60.81,6,2025-10-31T10:45:00Z
221,7,2025-11-01,545,24,14.2,0,2025-11-01T14:28:00Z
222,7,2025-11-02,2346,109,62.37,4,2025-11-02T09:24:00Z
223,7,2025-11-03,1874,120,156.05,0,2025-11-03T20:41:00Z
224,7,2025-11-04,1570,22,10.61,1,2025-11-04T09:16:00Z
225,7,2025-11-05,3164,220,374.04,15,2025-11-05T04:21:00Z
226,7,2025-11-06,533,27,14.8,1,2025-11-06T20:44:00Z
227,7,2025-11-07,2912,109,128.95,12,2025-11-07T09:35:00Z
228,7,2025-11-08,1742,95,76.94,1,2025-11-08T22:53:00Z
229,7,2025-11-09,3226,257,418.25,2,2025-11-09T21:27:00Z
230,7,2025-11-10,2282,80,68.61,1,2025-11-10T06:21:00Z
231,7,2025-11-11,3338,147,98.07,2,2025-11-11T02:18:00Z
232,7,2025-11-12,3658,238,252.46,15,2025-11-12T23:56:00Z
233,7,2025-11-13,2356,29,23.82,2,2025-11-13T04:38:00Z
234,7,2025-11-14,1743,36,21.71,2,2025-11-14T19:51:00Z
235,7,2025-11-15,3897,84,80.87,4,2025-11-15T21:46:00Z
236,7,2025-11-16,1172,91,109.64,8,2025-11-16T14:14:00Z
237,7,2025-11-17,2387,63,107.22,5,2025-11-17T06:23:00Z
238,7,2025-11-18,2978,227,392.3,12,2025-11-18T09:49:00Z
239,7,2025-11-19,1764,79,73.95,1,2025-11-19T06:51:00Z
240,7,2025-11-20,2676,52,36.4,4,2025-11-20T11:35:00Z
241,7,2025-11-21,620,37,39.67,0,2025-11-21T02:48:00Z
242,7,2025-11-22,856,24,38.82,0,2025-11-22T13:05:00Z
243,7,2025-11-23,3929,100,98.16,4,2025-11-23T00:26:00Z
244,7,2025-11-24,418,15,13.1,0,2025-11-24T02:23:00Z
245,7,2025-11-25,1119,13,21.49,1,2025-11-25T20:21:00Z
246,7,2025-11-26,3441,69,27.85,7,2025-11-26T15:44:00Z
247,7,2025-11-27,3604,71,94.98,3,2025-11-27T00:57:00Z
248,7,2025-11-28,524,5,3.26,0,2025-11-28T23:38:00Z
249,7,2025-11-29,2361,93,133.61,2,2025-11-29T03:03:00Z
250,7,2025-11-30,1176,46,67.23,2,2025-11-30T03:53:00Z
251,7,2025-12-01,3907,175,192.58,13,2025-12-01T18:15:00Z
252,7,2025-12-02,3143,63,59.91,4,2025-12-02T07:36:00Z
253,7,2025-12-03,1906,44,56.56,2,2025-12-03T11:04:00Z
254,7,2025-12-04,2354,113,163.96,6,2025-12-04T00:24:00Z
255,7,2025-12-05,3777,162,200.87,19,2025-12-05T08:47:00Z
256,7,2025-12-06,266,9,4.0,0,2025-12-06T21:40:00Z
257,7,2025-12-07,624,39,53.79,1,2025-12-07T01:22:00Z
258,7,2025-12-08,2436,82,102.49,8,2025-12-08T21:29:00Z
259,7,2025-12-09,3048,132,79.88,2,2025-12-09T22:49:00Z
260,7,2025-12-10,2074,26,16.44,2,2025-12-10T01:20:00Z
261,8,2025-10-21,2139,59,82.87,1,2025-10-21T11:55:00Z
262,8,2025-10-22,3398,45,57.06,1,2025-10-22T11:27:00Z
263,8,2025-10-23,3843,146,140.98,16,2025-10-23T10:11:00Z
264,8,2025-10-24,2232,130,112.36,12,2025-10-24T08:51:00Z
265,8,2025-10-25,538,32,14.74,2,2025-10-25T05:34:00Z
266,8,2025-10-26,1403,45,20.79,3,2025-10-26T09:28:00Z
267,8,2025-10-27,2668,160,93.33,8,2025-10-27T14:02:00Z
268,8,2025-10-28,3177,225,189.81,26,2025-10-28T08:40:00Z
269,8,2025-10-29,3441,262,119.23,20,2025-10-29T11:32:00Z
270,8,2025-10-30,3481,217,124.55,0,2025-10-30T19:43:00Z
271,8,2025-10-31,3400,138,72.69,3,2025-10-31T20:23:00Z
272,8,2025-11-01,1683,61,69.79,4,2025-11-01T21:28:00Z
273,8,2025-11-02,1719,61,86.52,4,2025-11-02T16:23:00Z
274,8,2025-11-03,1830,58,42.93,6,2025-11-03T00:47:00Z
275,8,2025-11-04,962,43,38.35,2,2025-11-04T08:49:00Z
276,8,2025-11-05,1266,75,48.78,5,2025-11-05T22:58:00Z
277,8,2025-11-06,2211,53,28.62,0,2025-11-06T05:57:00Z
278,8,2025-11-07,3121,128,60.53,10,2025-11-07T10:42:00Z
279,8,2025-11-08,1623,96,107.52,3,2025-11-08T09:54:00Z
280,8,2025-11-09,845,50,82.41,3,2025-11-09T11:32:00Z
281,8,2025-11-10,1118,20,12.63,0,2025-11-10T15:01:00Z
282,8,2025-11-11,1678,81,70.18,7,2025-11-11T17:08:00Z
283,8,2025-11-12,2706,194,85.76,9,2025-11-12T22:46:00Z
284,8,2025-11-13,2160,101,144.11,9,2025-11-13T02:08:00Z
285,8,2025-11-14,1498,82,80.36,6,2025-11-14T11:08:00Z
286,8,2025-11-15,3796,258,289.43,18,2025-11-15T04:27:00Z
287,8,2025-11-16,2259,166,70.98,2,2025-11-16T04:19:00Z
288,8,2025-11-17,874,18,29.86,0,2025-11-17T16:57:00Z
289,8,2025-11-18,1363,94,65.88,7,2025-11-18T17:17:00Z
290,8,2025-11-19,712,38,45.99,0,2025-11-19T20:10:00Z
291,8,2025-11-20,2624,199,112.61,15,2025-11-20T23:57:00Z
292,8,2025-11-21,2678,90,147.92,0,2025-11-21T00:05:00Z
293,8,2025-11-22,386,29,41.45,0,2025-11-22T06:49:00Z
294,8,2025-11-23,2543,99,123.21,5,2025-11-23T20:34:00Z
295,8,2025-11-24,1386,76,58.74,2,2025-11-24T21:25:00Z
296,8,2025-11-25,1418,59,77.53,1,2025-11-25T13:30:00Z
297,8,2025-11-26,2102,51,61.17,1,2025-11-26T22:20:00Z
298,8,2025-11-27,3207,253,210.88,12,2025-11-27T11:32:00Z
299,8,2025-11-28,2500,43,29.6,0,2025-11-28T14:15:00Z
300,8,2025-11-29,777,13,9.83,0,2025-11-29T19:26:00Z
301,8,2025-11-30,1216,94,151.64,9,2025-11-30T18:46:00Z
302,8,2025-12-01,1480,34,19.48,4,2025-12-01T14:31:00Z
303,9,2025-10-02,1645,22,16.37,1,2025-10-02T20:43:00Z
304,9,2025-10-03,2127,63,22.77,0,2025-10-03T04:56:00Z
305,9,2025-10-04,1283,78,110.71,3,2025-10-04T12:03:00Z
306,9,2025-10-05,2535,125,107.19,4,2025-10-05T12:32:00Z
307,9,2025-10-06,2044,129,95.67,15,2025-10-06T21:39:00Z
308,9,2025-10-07,686,13,6.31,0,2025-10-07T10:35:00Z
309,9,2025-10-08,1697,106,66.64,6,2025-10-08T16:02:00Z
310,9,2025-10-09,385,4,5.4,0,2025-10-09T16:29:00Z
311,9,2025-10-10,810,42,45.01,1,2025-10-10T19:20:00Z
312,9,2025-10-11,865,32,38.82,3,2025-10-11T18:21:00Z
313,9,2025-10-12,2277,154,168.67,13,2025-10-12T09:30:00Z
314,9,2025-10-13,3541,39,31.74,0,2025-10-13T13:37:00Z
315,9,2025-10-14,1460,96,131.08,7,2025-10-14T00:38:00Z
316,9,2025-10-15,2143,61,77.34,7,2025-10-15T18:36:00Z
317,9,2025-10-16,1132,68,79.35,1,2025-10-16T20:46:00Z
318,9,2025-10-17,2738,175,154.4,17,2025-10-17T07:02:00Z
319,9,2025-10-18,2545,194,97.75,0,2025-10-18T10:26:00Z
320,9,2025-10-19,820,31,19.7,1,2025-10-19T19:58:00Z
321,9,2025-10-20,2131,151,208.41,1,2025-10-20T04:33:00Z
322,9,2025-10-21,1049,51,89.12,2,2025-10-21T12:20:00Z
323,9,2025-10-22,909,38,41.66,2,2025-10-22T21:49:00Z
324,9,2025-10-23,3753,226,282.64,18,2025-10-23T19:30:00Z
325,9,2025-10-24,987,76,56.29,2,2025-10-24T09:49:00Z
326,9,2025-10-25,1383,82,107.94,4,2025-10-25T15:22:00Z
327,9,2025-10-26,2495,188,275.15,6,2025-10-26T03:36:00Z
328,9,2025-10-27,2971,142,227.78,6,2025-10-27T11:49:00Z
329,9,2025-10-28,3495,70,28.62,8,2025-10-28T02:22:00Z
330,9,2025-10-29,3984,163,115.57,9,2025-10-29T06:52:00Z
331,9,2025-10-30,2406,69,78.44,2,2025-10-30T03:39:00Z
332,9,2025-10-31,3234,165,113.76,13,2025-10-31T16:14:00Z
333,9,2025-11-01,2813,73,35.79,2,2025-11-01T15:06:00Z
334,9,2025-11-02,2990,191,68.24,12,2025-11-02T05:26:00Z
335,9,2025-11-03,2874,216,341.23,12,2025-11-03T06:48:00Z
336,9,2025-11-04,1376,44,55.19,4,2025-11-04T02:41:00Z
337,9,2025-11-05,2551,66,91.35,6,2025-11-05T01:58:00Z
338,9,2025-11-06,3974,88,139.49,1,2025-11-06T01:53:00Z
339,9,2025-11-07,1826,118,72.08,10,2025-11-07T09:56:00Z
340,9,2025-11-08,353,3,3.44,0,2025-11-08T10:18:00Z
341,9,2025-11-09,2061,163,181.03,9,2025-11-09T04:54:00Z
342,9,2025-11-10,2265,96,59.51,1,2025-11-10T05:46:00Z
343,9,2025-11-11,2079,115,155.94,0,2025-11-11T10:50:00Z
344,9,2025-11-12,1408,70,98.71,1,2025-11-12T20:57:00Z
345,9,2025-11-13,1860,126,135.0,1,2025-11-13T21:06:00Z
346,10,2025-11-05,1216,12,10.64,0,2025-11-05T08:21:00Z
347,10,2025-11-06,1436,72,82.95,2,2025-11-06T11:44:00Z
348,10,2025-11-07,1167,16,8.25,0,2025-11-07T12:43:00Z
349,10,2025-11-08,2258,168,267.61,15,2025-11-08T22:07:00Z
350,10,2025-11-09,2816,208,158.71,15,2025-11-09T07:08:00Z
351,10,2025-11-10,2158,44,61.46,3,2025-11-10T13:44:00Z
352,10,2025-11-11,2449,180,253.85,17,2025-11-11T06:48:00Z
353,10,2025-11-12,1213,69,81.71,6,2025-11-12T16:28:00Z
354,10,2025-11-13,2363,140,64.31,9,2025-11-13T01:53:00Z
355,10,2025-11-14,2443,178,112.68,11,2025-11-14T05:20:00Z
356,10,2025-11-15,3699,171,87.68,4,2025-11-15T18:31:00Z
357,10,2025-11-16,572,41,39.92,0,2025-11-16T04:32:00Z
358,10,2025-11-17,1901,79,34.04,4,2025-11-17T09:46:00Z
359,10,2025-11-18,289,10,14.93,0,2025-11-18T18:04:00Z
360,10,2025-11-19,385,15,19.96,0,2025-11-19T01:59:00Z
361,10,2025-11-20,3862,57,94.47,0,2025-11-20T13:11:00Z
362,10,2025-11-21,3349,65,81.13,5,2025-11-21T13:23:00Z
363,10,2025-11-22,3850,141,221.01,15,2025-11-22T12:05:00Z
364,10,2025-11-23,2996,232,365.26,3,2025-11-23T11:07:00Z
365,10,2025-11-24,931,74,66.62,1,2025-11-24T07:53:00Z
366,10,2025-11-25,214,13,22.36,0,2025-11-25T23:34:00Z
367,10,2025-11-26,1937,91,136.75,2,2025-11-26T11:09:00Z
368,10,2025-11-27,1329,30,47.26,2,2025-11-27T01:51:00Z
369,10,2025-11-28,2904,114,162.16,12,2025-11-28T00:15:00Z
370,10,2025-11-29,1044,15,17.72,0,2025-11-29T21:45:00Z
371,10,2025-11-30,3772,50,69.34,2,2025-11-30T07:34:00Z
372,10,2025-12-01,1089,68,97.68,1,2025-12-01T09:14:00Z
373,10,2025-12-02,3541,262,303.02,18,2025-12-02T21:52:00Z
374,10,2025-12-03,1513,40,63.07,4,2025-12-03T16:14:00Z
375,10,2025-12-04,1893,58,25.25,6,2025-12-04T23:58:00Z
376,10,2025-12-05,917,49,46.46,2,2025-12-05T11:41:00Z
377,10,2025-12-06,2949,108,117.1,9,2025-12-06T13:09:00Z
378,10,2025-12-07,1428,51,71.72,2,2025-12-07T07:19:00Z
379,10,2025-12-08,3712,220,325.18,24,2025-12-08T17:26:00Z
380,10,2025-12-09,1906,93,50.01,2,2025-12-09T06:21:00Z
381,11,2025-10-22,2393,145,89.42,4,2025-10-22T21:38:00Z
382,11,2025-10-23,2669,34,15.36,3,2025-10-23T18:46:00Z
383,11,2025-10-24,2950,144,147.05,15,2025-10-24T10:19:00Z
384,11,2025-10-25,3923,43,71.47,4,2025-10-25T03:47:00Z
385,11,2025-10-26,3289,143,98.62,10,2025-10-26T06:25:00Z
386,11,2025-10-27,3948,105,84.03,3,2025-10-27T14:34:00Z
387,11,2025-10-28,2857,100,71.62,6,2025-10-28T15:29:00Z
388,11,2025-10-29,603,39,53.09,3,2025-10-29T10:58:00Z
389,11,2025-10-30,1032,37,34.39,2,2025-10-30T07:47:00Z
390,11,2025-10-31,797,8,9.0,0,2025-10-31T23:26:00Z
391,11,2025-11-01,1409,29,23.54,1,2025-11-01T07:31:00Z
392,11,2025-11-02,2455,137,179.3,4,2025-11-02T15:46:00Z
393,11,2025-11-03,2828,174,173.16,15,2025-11-03T11:10:00Z
394,11,2025-11-04,773,46,47.55,5,2025-11-04T17:41:00Z
395,11,2025-11-05,440,20,30.49,0,2025-11-05T21:03:00Z
396,11,2025-11-06,3330,34,18.44,2,2025-11-06T02:45:00Z
397,11,2025-11-07,818,8,8.46,0,2025-11-07T19:40:00Z
398,11,2025-11-08,2931,220,358.13,17,2025-11-08T00:00:00Z
399,11,2025-11-09,2379,115,42.16,7,2025-11-09T08:34:00Z
400,11,2025-11-10,1374,15,22.33,1,2025-11-10T05:06:00Z
401,11,2025-11-11,3960,66,36.86,1,2025-11-11T16:16:00Z
402,11,2025-11-12,3539,123,179.94,1,2025-11-12T12:29:00Z
403,11,2025-11-13,2514,67,88.85,2,2025-11-13T02:41:00Z
404,11,2025-11-14,3715,206,81.24,10,2025-11-14T12:35:00Z
405,11,2025-11-15,2149,29,10.53,0,2025-11-15T15:54:00Z
406,11,2025-11-16,1977,109,88.7,12,2025-11-16T03:57:00Z
407,11,2025-11-17,2363,175,117.54,18,2025-11-17T22:56:00Z
408,12,2025-10-09,3985,60,98.75,6,2025-10-09T18:42:00Z
409,12,2025-10-10,334,7,10.78,0,2025-10-10T06:37:00Z
410,12,2025-10-11,790,49,66.04,2,2025-10-11T02:19:00Z
411,12,2025-10-12,865,42,48.02,4,2025-10-12T21:57:00Z
412,12,2025-10-13,2414,80,112.63,1,2025-10-13T22:46:00Z
413,12,2025-10-14,521,23,39.42,0,2025-10-14T13:14:00Z
414,12,2025-10-15,3635,55,65.85,4,2025-10-15T19:25:00Z
415,12,2025-10-16,3368,110,136.15,10,2025-10-16T14:31:00Z
416,12,2025-10-17,1134,39,65.04,2,2025-10-17T21:37:00Z
417,12,2025-10-18,2906,106,151.69,3,2025-10-18T07:45:00Z
418,12,2025-10-19,501,7,3.96,0,2025-10-19T20:09:00Z
419,12,2025-10-20,3229,120,102.6,1,2025-10-20T09:28:00Z
420,12,2025-10-21,1674,105,51.78,1,2025-10-21T13:28:00Z
421,12,2025-10-22,2481,121,111.47,0,2025-10-22T11:35:00Z
422,12,2025-10-23,581,30,43.45,3,2025-10-23T00:18:00Z
423,12,2025-10-24,1894,70,32.8,7,2025-10-24T07:36:00Z
424,12,2025-10-25,2334,51,45.03,0,2025-10-25T09:17:00Z
425,12,2025-10-26,2219,44,25.7,1,2025-10-26T09:30:00Z
426,12,2025-10-27,3405,52,36.52,1,2025-10-27T20:31:00Z
427,12,2025-10-28,2632,139,137.75,2,2025-10-28T00:25:00Z
428,12,2025-10-29,1560,107,94.36,11,2025-10-29T14:21:00Z
429,12,2025-10-30,1963,131,203.48,15,2025-10-30T04:19:00Z
430,12,2025-10-31,1513,79,104.55,4,2025-10-31T05:25:00Z
431,12,2025-11-01,1507,45,59.53,2,2025-11-01T18:50:00Z
432,12,2025-11-02,1192,39,28.95,3,2025-11-02T11:07:00Z
433,12,2025-11-03,2509,60,104.77,1,2025-11-03T17:01:00Z
434,13,2026-05-22,3554,246,359.91,19,2026-05-22T04:40:00Z
435,13,2026-05-23,1440,38,48.34,3,2026-05-23T12:04:00Z
436,13,2026-05-24,2039,161,164.37,7,2026-05-24T16:59:00Z
437,13,2026-05-25,3969,281,262.91,1,2026-05-25T11:44:00Z
438,13,2026-05-26,3867,258,304.79,28,2026-05-26T03:49:00Z
439,13,2026-05-27,1216,68,57.6,5,2026-05-27T01:36:00Z
440,13,2026-05-28,2842,163,148.24,14,2026-05-28T13:06:00Z
441,13,2026-05-29,243,4,2.64,0,2026-05-29T17:37:00Z
442,13,2026-05-30,3016,151,147.09,7,2026-05-30T21:37:00Z
443,13,2026-05-31,3028,136,113.28,0,2026-05-31T03:18:00Z
444,13,2026-06-01,1903,141,66.3,14,2026-06-01T23:09:00Z
445,13,2026-06-02,1626,51,50.36,1,2026-06-02T15:22:00Z
446,13,2026-06-03,2150,36,48.99,1,2026-06-03T02:19:00Z
447,13,2026-06-04,383,25,12.78,2,2026-06-04T20:06:00Z
448,13,2026-06-05,2973,196,323.77,17,2026-06-05T16:11:00Z
449,13,2026-06-06,2460,52,58.96,5,2026-06-06T07:51:00Z
450,13,2026-06-07,1859,100,61.09,7,2026-06-07T12:01:00Z
451,13,2026-06-08,3220,170,106.46,12,2026-06-08T12:00:00Z
452,13,2026-06-09,3086,77,56.96,6,2026-06-09T02:36:00Z
453,13,2026-06-10,616,40,44.07,1,2026-06-10T06:29:00Z
454,13,2026-06-11,666,18,28.04,1,2026-06-11T20:20:00Z
455,13,2026-06-12,2645,98,88.16,1,2026-06-12T11:54:00Z
456,13,2026-06-13,2075,110,163.82,9,2026-06-13T09:58:00Z
457,13,2026-06-14,2716,139,179.44,5,2026-06-14T07:19:00Z
458,13,2026-06-15,679,15,19.81,0,2026-06-15T13:38:00Z
459,13,2026-06-16,764,38,35.81,2,2026-06-16T17:44:00Z
460,13,2026-06-17,3964,218,381.47,14,2026-06-17T15:18:00Z
461,14,2026-04-28,2737,37,31.55,0,2026-04-28T04:12:00Z
462,14,2026-04-29,3539,130,147.71,10,2026-04-29T13:43:00Z
463,14,2026-04-30,2214,86,131.22,5,2026-04-30T02:36:00Z
464,14,2026-05-01,326,21,13.83,0,2026-05-01T07:34:00Z
465,14,2026-05-02,1382,30,29.71,2,2026-05-02T15:35:00Z
466,14,2026-05-03,2292,41,20.91,3,2026-05-03T11:34:00Z
467,14,2026-05-04,3569,224,316.74,11,2026-05-04T06:27:00Z
468,14,2026-05-05,619,38,48.08,1,2026-05-05T01:28:00Z
469,14,2026-05-06,1276,43,64.22,2,2026-05-06T03:49:00Z
470,14,2026-05-07,3525,93,138.1,6,2026-05-07T11:55:00Z
471,14,2026-05-08,3111,164,155.71,12,2026-05-08T06:52:00Z
472,14,2026-05-09,1047,69,79.22,4,2026-05-09T19:34:00Z
473,14,2026-05-10,889,29,38.73,1,2026-05-10T08:54:00Z
474,14,2026-05-11,2307,182,236.79,2,2026-05-11T13:58:00Z
475,14,2026-05-12,442,35,54.74,0,2026-05-12T04:15:00Z
476,14,2026-05-13,799,47,70.96,4,2026-05-13T21:25:00Z
477,14,2026-05-14,2204,43,53.12,3,2026-05-14T12:28:00Z
478,14,2026-05-15,509,27,42.72,0,2026-05-15T16:47:00Z
479,14,2026-05-16,1339,78,123.1,4,2026-05-16T15:20:00Z
480,14,2026-05-17,2583,26,37.28,2,2026-05-17T23:29:00Z
481,14,2026-05-18,2800,158,134.54,1,2026-05-18T17:25:00Z
482,14,2026-05-19,1092,84,126.4,4,2026-05-19T10:53:00Z
483,14,2026-05-20,1361,45,52.16,3,2026-05-20T15:50:00Z
484,14,2026-05-21,1607,116,164.39,0,2026-05-21T20:50:00Z
485,14,2026-05-22,3627,152,79.64,15,2026-05-22T14:29:00Z
486,14,2026-05-23,202,16,15.18,1,2026-05-23T04:56:00Z
487,14,2026-05-24,2862,89,140.1,9,2026-05-24T02:41:00Z
488,14,2026-05-25,1676,46,40.05,4,2026-05-25T05:03:00Z
489,14,2026-05-26,1823,98,133.91,8,2026-05-26T13:41:00Z
490,14,2026-05-27,573,33,11.6,1,2026-05-27T04:37:00Z
491,14,2026-05-28,1126,52,50.6,0,2026-05-28T10:52:00Z
492,14,2026-05-29,693,54,50.83,0,2026-05-29T02:14:00Z
493,14,2026-05-30,1769,28,41.39,0,2026-05-30T11:56:00Z
494,14,2026-05-31,1425,27,38.69,2,2026-05-31T04:41:00Z
495,14,2026-06-01,2973,59,64.47,0,2026-06-01T20:10:00Z
496,14,2026-06-02,2002,69,44.73,6,2026-06-02T13:39:00Z
497,14,2026-06-03,3012,123,80.46,13,2026-06-03T04:48:00Z
498,14,2026-06-04,704,36,31.96,4,2026-06-04T10:50:00Z
499,14,2026-06-05,772,21,26.3,0,2026-06-05T19:38:00Z
500,15,2026-05-22,3672,254,400.34,6,2026-05-22T19:32:00Z
501,15,2026-05-23,972,60,45.83,0,2026-05-23T07:31:00Z
502,15,2026-05-24,1780,31,32.53,2,2026-05-24T16:56:00Z
503,15,2026-05-25,249,19,31.49,0,2026-05-25T18:26:00Z
504,15,2026-05-26,1696,81,47.94,4,2026-05-26T02:01:00Z
505,15,2026-05-27,2605,38,27.25,0,2026-05-27T01:50:00Z
506,15,2026-05-28,1830,83,102.09,4,2026-05-28T13:27:00Z
507,15,2026-05-29,3074,117,145.87,7,2026-05-29T04:17:00Z
508,15,2026-05-30,542,17,18.12,0,2026-05-30T04:34:00Z
509,15,2026-05-31,1538,57,70.57,5,2026-05-31T21:41:00Z
510,15,2026-06-01,470,14,13.47,1,2026-06-01T07:03:00Z
511,15,2026-06-02,1201,19,18.21,1,2026-06-02T19:03:00Z
512,15,2026-06-03,1466,83,105.52,1,2026-06-03T00:45:00Z
513,15,2026-06-04,762,45,26.07,5,2026-06-04T16:33:00Z
514,15,2026-06-05,3407,230,163.98,10,2026-06-05T23:49:00Z
515,15,2026-06-06,3777,108,171.83,9,2026-06-06T00:21:00Z
516,15,2026-06-07,3505,140,151.68,4,2026-06-07T18:40:00Z
517,15,2026-06-08,515,23,24.5,0,2026-06-08T18:10:00Z
518,15,2026-06-09,1706,35,50.14,3,2026-06-09T21:46:00Z
519,15,2026-06-10,672,17,18.06,0,2026-06-10T00:15:00Z
520,15,2026-06-11,388,16,14.18,0,2026-06-11T01:35:00Z
521,15,2026-06-12,3489,258,357.83,12,2026-06-12T10:15:00Z
522,15,2026-06-13,1904,141,112.51,13,2026-06-13T18:23:00Z
523,15,2026-06-14,689,31,49.99,0,2026-06-14T16:02:00Z
524,15,2026-06-15,1842,27,27.03,0,2026-06-15T09:20:00Z
525,16,2026-05-07,1711,41,46.71,1,2026-05-07T19:15:00Z
526,16,2026-05-08,2100,75,128.3,8,2026-05-08T06:46:00Z
527,16,2026-05-09,3888,187,273.84,3,2026-05-09T13:01:00Z
528,16,2026-05-10,1154,55,68.22,4,2026-05-10T00:21:00Z
529,16,2026-05-11,205,12,10.52,1,2026-05-11T09:06:00Z
530,16,2026-05-12,1040,48,32.8,2,2026-05-12T01:09:00Z
531,16,2026-05-13,3114,92,37.85,2,2026-05-13T16:26:00Z
532,16,2026-05-14,3070,223,221.18,20,2026-05-14T18:06:00Z
533,16,2026-05-15,2270,43,64.41,0,2026-05-15T18:03:00Z
534,16,2026-05-16,1981,111,59.16,3,2026-05-16T10:59:00Z
535,16,2026-05-17,3480,130,196.91,5,2026-05-17T14:17:00Z
536,16,2026-05-18,1156,17,10.77,1,2026-05-18T18:06:00Z
537,16,2026-05-19,836,14,13.71,0,2026-05-19T03:34:00Z
538,16,2026-05-20,1667,129,82.65,4,2026-05-20T08:54:00Z
539,16,2026-05-21,691,11,16.29,0,2026-05-21T22:44:00Z
540,16,2026-05-22,2671,34,51.69,1,2026-05-22T02:45:00Z
541,16,2026-05-23,1216,94,85.05,0,2026-05-23T09:16:00Z
542,16,2026-05-24,3559,282,110.97,13,2026-05-24T14:35:00Z
543,16,2026-05-25,3264,158,76.25,1,2026-05-25T04:07:00Z
544,16,2026-05-26,248,3,4.33,0,2026-05-26T06:52:00Z
545,16,2026-05-27,1840,66,81.34,5,2026-05-27T18:37:00Z
546,16,2026-05-28,1260,93,42.31,11,2026-05-28T06:57:00Z
547,16,2026-05-29,2845,116,61.52,12,2026-05-29T10:07:00Z
548,16,2026-05-30,374,28,11.78,3,2026-05-30T13:52:00Z
549,16,2026-05-31,3167,119,46.56,9,2026-05-31T05:22:00Z
