date,base_currency,target_currency,rate,_fivetran_synced
2025-04-01,GBP,USD,1.288,2025-04-01T12:35:00Z
2025-04-01,GBP,EUR,1.1652,2025-04-01T05:58:00Z
2025-04-01,GBP,CAD,1.7134,2025-04-01T21:55:00Z
2025-04-01,GBP,AUD,1.916,2025-04-01T04:11:00Z
2025-04-02,GBP,USD,1.2808,2025-04-02T01:26:00Z
2025-04-02,GBP,EUR,1.1623,2025-04-02T23:49:00Z
2025-04-02,GBP,CAD,1.7384,2025-04-02T09:40:00Z
2025-04-02,GBP,AUD,1.9172,2025-04-02T04:12:00Z
2025-04-03,GBP,USD,1.2501,2025-04-03T08:00:00Z
2025-04-03,GBP,EUR,1.1683,2025-04-03T15:34:00Z
2025-04-03,GBP,CAD,1.7323,2025-04-03T19:56:00Z
2025-04-03,GBP,AUD,1.9297,2025-04-03T06:37:00Z
2025-04-04,GBP,USD,1.2764,2025-04-04T14:26:00Z
2025-04-04,GBP,EUR,1.1677,2025-04-04T19:38:00Z
2025-04-04,GBP,CAD,1.7003,2025-04-04T17:17:00Z
2025-04-04,GBP,AUD,1.9348,2025-04-04T17:52:00Z
2025-04-05,GBP,USD,1.283,2025-04-05T01:11:00Z
2025-04-05,GBP,EUR,1.1559,2025-04-05T20:22:00Z
2025-04-05,GBP,CAD,1.7015,2025-04-05T01:42:00Z
2025-04-05,GBP,AUD,1.9331,2025-04-05T19:19:00Z
2025-04-06,GBP,USD,1.2632,2025-04-06T02:03:00Z
2025-04-06,GBP,EUR,1.1544,2025-04-06T05:10:00Z
2025-04-06,GBP,CAD,1.7269,2025-04-06T19:42:00Z
2025-04-06,GBP,AUD,1.9377,2025-04-06T19:36:00Z
2025-04-07,GBP,USD,1.2815,2025-04-07T05:29:00Z
2025-04-07,GBP,EUR,1.18,2025-04-07T11:59:00Z
2025-04-07,GBP,CAD,1.7014,2025-04-07T09:20:00Z
2025-04-07,GBP,AUD,1.9247,2025-04-07T12:52:00Z
2025-04-08,GBP,USD,1.2527,2025-04-08T13:53:00Z
2025-04-08,GBP,EUR,1.172,2025-04-08T09:30:00Z
2025-04-08,GBP,CAD,1.7054,2025-04-08T22:55:00Z
2025-04-08,GBP,AUD,1.921,2025-04-08T16:26:00Z
2025-04-09,GBP,USD,1.271,2025-04-09T22:13:00Z
2025-04-09,GBP,EUR,1.1745,2025-04-09T03:36:00Z
2025-04-09,GBP,CAD,1.7292,2025-04-09T20:33:00Z
2025-04-09,GBP,AUD,1.9495,2025-04-09T15:46:00Z
2025-04-10,GBP,USD,1.2775,2025-04-10T22:18:00Z
2025-04-10,GBP,EUR,1.1671,2025-04-10T10:16:00Z
2025-04-10,GBP,CAD,1.721,2025-04-10T19:22:00Z
2025-04-10,GBP,AUD,1.9471,2025-04-10T19:36:00Z
2025-04-11,GBP,USD,1.2699,2025-04-11T23:40:00Z
2025-04-11,GBP,EUR,1.1699,2025-04-11T05:56:00Z
2025-04-11,GBP,CAD,1.7244,2025-04-11T22:18:00Z
2025-04-11,GBP,AUD,1.9492,2025-04-11T00:07:00Z
2025-04-12,GBP,USD,1.251,2025-04-12T20:50:00Z
2025-04-12,GBP,EUR,1.1547,2025-04-12T06:51:00Z
2025-04-12,GBP,CAD,1.7246,2025-04-12T13:26:00Z
2025-04-12,GBP,AUD,1.9118,2025-04-12T11:35:00Z
2025-04-13,GBP,USD,1.2822,2025-04-13T06:00:00Z
2025-04-13,GBP,EUR,1.1756,2025-04-13T22:18:00Z
2025-04-13,GBP,CAD,1.7102,2025-04-13T02:19:00Z
2025-04-13,GBP,AUD,1.922,2025-04-13T17:20:00Z
2025-04-14,GBP,USD,1.2807,2025-04-14T03:43:00Z
2025-04-14,GBP,EUR,1.1633,2025-04-14T12:46:00Z
2025-04-14,GBP,CAD,1.7228,2025-04-14T00:53:00Z
2025-04-14,GBP,AUD,1.917,2025-04-14T10:53:00Z
2025-04-15,GBP,USD,1.2635,2025-04-15T21:30:00Z
2025-04-15,GBP,EUR,1.1866,2025-04-15T01:41:00Z
2025-04-15,GBP,CAD,1.7054,2025-04-15T04:40:00Z
2025-04-15,GBP,AUD,1.9284,2025-04-15T17:57:00Z
2025-04-16,GBP,USD,1.2634,2025-04-16T13:59:00Z
2025-04-16,GBP,EUR,1.1797,2025-04-16T16:19:00Z
2025-04-16,GBP,CAD,1.7226,2025-04-16T21:20:00Z
2025-04-16,GBP,AUD,1.9322,2025-04-16T00:13:00Z
2025-04-17,GBP,USD,1.2731,2025-04-17T10:51:00Z
2025-04-17,GBP,EUR,1.1866,2025-04-17T11:04:00Z
2025-04-17,GBP,CAD,1.7388,2025-04-17T08:53:00Z
2025-04-17,GBP,AUD,1.9112,2025-04-17T12:40:00Z
2025-04-18,GBP,USD,1.2714,2025-04-18T05:36:00Z
2025-04-18,GBP,EUR,1.1742,2025-04-18T05:38:00Z
2025-04-18,GBP,CAD,1.7047,2025-04-18T09:45:00Z
2025-04-18,GBP,AUD,1.9443,2025-04-18T22:02:00Z
2025-04-19,GBP,USD,1.2609,2025-04-19T02:31:00Z
2025-04-19,GBP,EUR,1.1851,2025-04-19T11:28:00Z
2025-04-19,GBP,CAD,1.7332,2025-04-19T09:13:00Z
2025-04-19,GBP,AUD,1.931,2025-04-19T05:07:00Z
2025-04-20,GBP,USD,1.265,2025-04-20T01:49:00Z
2025-04-20,GBP,EUR,1.1581,2025-04-20T02:28:00Z
2025-04-20,GBP,CAD,1.7202,2025-04-20T15:57:00Z
2025-04-20,GBP,AUD,1.93,2025-04-20T06:21:00Z
2025-04-21,GBP,USD,1.2869,2025-04-21T23:55:00Z
2025-04-21,GBP,EUR,1.1709,2025-04-21T10:09:00Z
2025-04-21,GBP,CAD,1.7308,2025-04-21T03:52:00Z
2025-04-21,GBP,AUD,1.9493,2025-04-21T16:43:00Z
2025-04-22,GBP,USD,1.2897,2025-04-22T06:46:00Z
2025-04-22,GBP,EUR,1.1515,2025-04-22T12:45:00Z
2025-04-22,GBP,CAD,1.7346,2025-04-22T03:00:00Z
2025-04-22,GBP,AUD,1.9224,2025-04-22T01:43:00Z
2025-04-23,GBP,USD,1.2839,2025-04-23T02:21:00Z
2025-04-23,GBP,EUR,1.1687,2025-04-23T01:06:00Z
2025-04-23,GBP,CAD,1.7208,2025-04-23T21:47:00Z
2025-04-23,GBP,AUD,1.9225,2025-04-23T18:48:00Z
2025-04-24,GBP,USD,1.2625,2025-04-24T06:20:00Z
2025-04-24,GBP,EUR,1.158,2025-04-24T09:17:00Z
2025-04-24,GBP,CAD,1.7213,2025-04-24T14:42:00Z
2025-04-24,GBP,AUD,1.9147,2025-04-24T04:10:00Z
2025-04-25,GBP,USD,1.2609,2025-04-25T00:39:00Z
2025-04-25,GBP,EUR,1.1724,2025-04-25T03:13:00Z
2025-04-25,GBP,CAD,1.7217,2025-04-25T17:20:00Z
2025-04-25,GBP,AUD,1.9208,2025-04-25T22:51:00Z
2025-04-26,GBP,USD,1.2613,2025-04-26T07:10:00Z
2025-04-26,GBP,EUR,1.1528,2025-04-26T19:57:00Z
2025-04-26,GBP,CAD,1.7135,2025-04-26T14:03:00Z
2025-04-26,GBP,AUD,1.9152,2025-04-26T15:57:00Z
2025-04-27,GBP,USD,1.277,2025-04-27T03:24:00Z
2025-04-27,GBP,EUR,1.1522,2025-04-27T13:25:00Z
2025-04-27,GBP,CAD,1.7072,2025-04-27T19:57:00Z
2025-04-27,GBP,AUD,1.9337,2025-04-27T22:44:00Z
2025-04-28,GBP,USD,1.2678,2025-04-28T11:19:00Z
2025-04-28,GBP,EUR,1.1633,2025-04-28T06:45:00Z
2025-04-28,GBP,CAD,1.7303,2025-04-28T17:05:00Z
2025-04-28,GBP,AUD,1.9489,2025-04-28T14:36:00Z
2025-04-29,GBP,USD,1.2553,2025-04-29T22:29:00Z
2025-04-29,GBP,EUR,1.1539,2025-04-29T09:43:00Z
2025-04-29,GBP,CAD,1.7258,2025-04-29T14:30:00Z
2025-04-29,GBP,AUD,1.9193,2025-04-29T07:09:00Z
2025-04-30,GBP,USD,1.2844,2025-04-30T19:16:00Z
2025-04-30,GBP,EUR,1.1865,2025-04-30T12:11:00Z
2025-04-30,GBP,CAD,1.728,2025-04-30T21:21:00Z
2025-04-30,GBP,AUD,1.9416,2025-04-30T10:29:00Z
2025-05-01,GBP,USD,1.2695,2025-05-01T02:30:00Z
2025-05-01,GBP,EUR,1.1545,2025-05-01T15:29:00Z
2025-05-01,GBP,CAD,1.7338,2025-05-01T09:49:00Z
2025-05-01,GBP,AUD,1.9239,2025-05-01T18:08:00Z
2025-05-02,GBP,USD,1.2703,2025-05-02T12:52:00Z
2025-05-02,GBP,EUR,1.1786,2025-05-02T03:20:00Z
2025-05-02,GBP,CAD,1.7222,2025-05-02T02:50:00Z
2025-05-02,GBP,AUD,1.9221,2025-05-02T14:25:00Z
2025-05-03,GBP,USD,1.2736,2025-05-03T07:39:00Z
2025-05-03,GBP,EUR,1.1597,2025-05-03T05:30:00Z
2025-05-03,GBP,CAD,1.7154,2025-05-03T10:13:00Z
2025-05-03,GBP,AUD,1.9426,2025-05-03T18:27:00Z
2025-05-04,GBP,USD,1.2814,2025-05-04T13:36:00Z
2025-05-04,GBP,EUR,1.1815,2025-05-04T17:44:00Z
2025-05-04,GBP,CAD,1.7094,2025-05-04T21:42:00Z
2025-05-04,GBP,AUD,1.9131,2025-05-04T22:36:00Z
2025-05-05,GBP,USD,1.2835,2025-05-05T03:37:00Z
2025-05-05,GBP,EUR,1.1738,2025-05-05T10:35:00Z
2025-05-05,GBP,CAD,1.7039,2025-05-05T14:11:00Z
2025-05-05,GBP,AUD,1.9223,2025-05-05T12:04:00Z
2025-05-06,GBP,USD,1.2739,2025-05-06T21:52:00Z
2025-05-06,GBP,EUR,1.1739,2025-05-06T12:20:00Z
2025-05-06,GBP,CAD,1.7198,2025-05-06T21:03:00Z
2025-05-06,GBP,AUD,1.9136,2025-05-06T04:56:00Z
2025-05-07,GBP,USD,1.2732,2025-05-07T20:51:00Z
2025-05-07,GBP,EUR,1.15,2025-05-07T04:42:00Z
2025-05-07,GBP,CAD,1.706,2025-05-07T17:18:00Z
2025-05-07,GBP,AUD,1.9256,2025-05-07T18:28:00Z
2025-05-08,GBP,USD,1.2578,2025-05-08T21:56:00Z
2025-05-08,GBP,EUR,1.1627,2025-05-08T18:50:00Z
2025-05-08,GBP,CAD,1.7365,2025-05-08T09:58:00Z
2025-05-08,GBP,AUD,1.9477,2025-05-08T13:45:00Z
2025-05-09,GBP,USD,1.2893,2025-05-09T11:05:00Z
2025-05-09,GBP,EUR,1.1733,2025-05-09T19:32:00Z
2025-05-09,GBP,CAD,1.7162,2025-05-09T04:54:00Z
2025-05-09,GBP,AUD,1.9218,2025-05-09T11:57:00Z
2025-05-10,GBP,USD,1.272,2025-05-10T01:00:00Z
2025-05-10,GBP,EUR,1.1781,2025-05-10T11:07:00Z
2025-05-10,GBP,CAD,1.7344,2025-05-10T00:15:00Z
2025-05-10,GBP,AUD,1.9273,2025-05-10T18:25:00Z
2025-05-11,GBP,USD,1.275,2025-05-11T22:24:00Z
2025-05-11,GBP,EUR,1.1662,2025-05-11T13:34:00Z
2025-05-11,GBP,CAD,1.7084,2025-05-11T05:30:00Z
2025-05-11,GBP,AUD,1.9156,2025-05-11T17:24:00Z
2025-05-12,GBP,USD,1.2837,2025-05-12T11:53:00Z
2025-05-12,GBP,EUR,1.1667,2025-05-12T09:55:00Z
2025-05-12,GBP,CAD,1.7268,2025-05-12T04:00:00Z
2025-05-12,GBP,AUD,1.9129,2025-05-12T00:09:00Z
2025-05-13,GBP,USD,1.2789,2025-05-13T15:42:00Z
2025-05-13,GBP,EUR,1.1675,2025-05-13T04:05:00Z
2025-05-13,GBP,CAD,1.7055,2025-05-13T13:55:00Z
2025-05-13,GBP,AUD,1.9282,2025-05-13T22:38:00Z
2025-05-14,GBP,USD,1.2872,2025-05-14T19:11:00Z
2025-05-14,GBP,EUR,1.1682,2025-05-14T13:35:00Z
2025-05-14,GBP,CAD,1.7328,2025-05-14T12:22:00Z
2025-05-14,GBP,AUD,1.919,2025-05-14T13:38:00Z
2025-05-15,GBP,USD,1.2503,2025-05-15T15:54:00Z
2025-05-15,GBP,EUR,1.1792,2025-05-15T22:32:00Z
2025-05-15,GBP,CAD,1.7108,2025-05-15T17:36:00Z
2025-05-15,GBP,AUD,1.9247,2025-05-15T01:36:00Z
2025-05-16,GBP,USD,1.2693,2025-05-16T11:07:00Z
2025-05-16,GBP,EUR,1.1732,2025-05-16T22:05:00Z
2025-05-16,GBP,CAD,1.7057,2025-05-16T23:33:00Z
2025-05-16,GBP,AUD,1.9493,2025-05-16T08:29:00Z
2025-05-17,GBP,USD,1.2707,2025-05-17T16:56:00Z
2025-05-17,GBP,EUR,1.1744,2025-05-17T07:30:00Z
2025-05-17,GBP,CAD,1.7252,2025-05-17T21:42:00Z
2025-05-17,GBP,AUD,1.9131,2025-05-17T20:34:00Z
2025-05-18,GBP,USD,1.2819,2025-05-18T09:39:00Z
2025-05-18,GBP,EUR,1.1521,2025-05-18T10:34:00Z
2025-05-18,GBP,CAD,1.7311,2025-05-18T15:29:00Z
2025-05-18,GBP,AUD,1.9305,2025-05-18T15:36:00Z
2025-05-19,GBP,USD,1.2794,2025-05-19T13:22:00Z
2025-05-19,GBP,EUR,1.1884,2025-05-19T09:18:00Z
2025-05-19,GBP,CAD,1.7067,2025-05-19T22:59:00Z
2025-05-19,GBP,AUD,1.9339,2025-05-19T09:46:00Z
2025-05-20,GBP,USD,1.2814,2025-05-20T08:03:00Z
2025-05-20,GBP,EUR,1.1752,2025-05-20T18:10:00Z
2025-05-20,GBP,CAD,1.7229,2025-05-20T21:18:00Z
2025-05-20,GBP,AUD,1.9424,2025-05-20T19:01:00Z
2025-05-21,GBP,USD,1.2615,2025-05-21T02:08:00Z
2025-05-21,GBP,EUR,1.1702,2025-05-21T08:16:00Z
2025-05-21,GBP,CAD,1.7053,2025-05-21T08:17:00Z
2025-05-21,GBP,AUD,1.9443,2025-05-21T00:47:00Z
2025-05-22,GBP,USD,1.2545,2025-05-22T05:58:00Z
2025-05-22,GBP,EUR,1.1737,2025-05-22T04:42:00Z
2025-05-22,GBP,CAD,1.7179,2025-05-22T05:16:00Z
2025-05-22,GBP,AUD,1.9413,2025-05-22T07:31:00Z
2025-05-23,GBP,USD,1.2572,2025-05-23T16:55:00Z
2025-05-23,GBP,EUR,1.1513,2025-05-23T02:09:00Z
2025-05-23,GBP,CAD,1.7238,2025-05-23T04:53:00Z
2025-05-23,GBP,AUD,1.9298,2025-05-23T13:49:00Z
2025-05-24,GBP,USD,1.2653,2025-05-24T21:28:00Z
2025-05-24,GBP,EUR,1.179,2025-05-24T05:13:00Z
2025-05-24,GBP,CAD,1.7231,2025-05-24T11:03:00Z
2025-05-24,GBP,AUD,1.9357,2025-05-24T03:03:00Z
2025-05-25,GBP,USD,1.2567,2025-05-25T12:30:00Z
2025-05-25,GBP,EUR,1.1621,2025-05-25T23:48:00Z
2025-05-25,GBP,CAD,1.7369,2025-05-25T07:24:00Z
2025-05-25,GBP,AUD,1.9373,2025-05-25T12:30:00Z
2025-05-26,GBP,USD,1.2605,2025-05-26T16:55:00Z
2025-05-26,GBP,EUR,1.1674,2025-05-26T09:59:00Z
2025-05-26,GBP,CAD,1.7319,2025-05-26T12:43:00Z
2025-05-26,GBP,AUD,1.9226,2025-05-26T16:43:00Z
2025-05-27,GBP,USD,1.2882,2025-05-27T03:58:00Z
2025-05-27,GBP,EUR,1.1713,2025-05-27T11:54:00Z
2025-05-27,GBP,CAD,1.7173,2025-05-27T20:54:00Z
2025-05-27,GBP,AUD,1.9209,2025-05-27T08:17:00Z
2025-05-28,GBP,USD,1.2821,2025-05-28T08:41:00Z
2025-05-28,GBP,EUR,1.1734,2025-05-28T14:49:00Z
2025-05-28,GBP,CAD,1.727,2025-05-28T07:46:00Z
2025-05-28,GBP,AUD,1.9369,2025-05-28T06:33:00Z
2025-05-29,GBP,USD,1.2635,2025-05-29T22:11:00Z
2025-05-29,GBP,EUR,1.1625,2025-05-29T00:43:00Z
2025-05-29,GBP,CAD,1.7003,2025-05-29T02:00:00Z
2025-05-29,GBP,AUD,1.9264,2025-05-29T16:06:00Z
2025-05-30,GBP,USD,1.2774,2025-05-30T11:14:00Z
2025-05-30,GBP,EUR,1.179,2025-05-30T08:12:00Z
2025-05-30,GBP,CAD,1.7014,2025-05-30T19:05:00Z
2025-05-30,GBP,AUD,1.9123,2025-05-30T19:42:00Z
2025-05-31,GBP,USD,1.2858,2025-05-31T06:38:00Z
2025-05-31,GBP,EUR,1.1755,2025-05-31T22:07:00Z
2025-05-31,GBP,CAD,1.7035,2025-05-31T19:08:00Z
2025-05-31,GBP,AUD,1.925,2025-05-31T20:36:00Z
2025-06-01,GBP,USD,1.2821,2025-06-01T05:57:00Z
2025-06-01,GBP,EUR,1.1544,2025-06-01T05:16:00Z
2025-06-01,GBP,CAD,1.7118,2025-06-01T21:59:00Z
2025-06-01,GBP,AUD,1.913,2025-06-01T14:59:00Z
2025-06-02,GBP,USD,1.2898,2025-06-02T13:44:00Z
2025-06-02,GBP,EUR,1.1861,2025-06-02T10:16:00Z
2025-06-02,GBP,CAD,1.7065,2025-06-02T02:17:00Z
2025-06-02,GBP,AUD,1.9411,2025-06-02T12:24:00Z
2025-06-03,GBP,USD,1.2633,2025-06-03T01:16:00Z
2025-06-03,GBP,EUR,1.1882,2025-06-03T08:11:00Z
2025-06-03,GBP,CAD,1.7176,2025-06-03T15:59:00Z
2025-06-03,GBP,AUD,1.918,2025-06-03T12:11:00Z
2025-06-04,GBP,USD,1.2758,2025-06-04T03:09:00Z
2025-06-04,GBP,EUR,1.1716,2025-06-04T13:13:00Z
2025-06-04,GBP,CAD,1.7246,2025-06-04T03:58:00Z
2025-06-04,GBP,AUD,1.9277,2025-06-04T08:06:00Z
2025-06-05,GBP,USD,1.2514,2025-06-05T02:36:00Z
2025-06-05,GBP,EUR,1.1791,2025-06-05T14:01:00Z
2025-06-05,GBP,CAD,1.7359,2025-06-05T04:41:00Z
2025-06-05,GBP,AUD,1.9356,2025-06-05T01:42:00Z
2025-06-06,GBP,USD,1.2656,2025-06-06T04:44:00Z
2025-06-06,GBP,EUR,1.1632,2025-06-06T12:36:00Z
2025-06-06,GBP,CAD,1.7001,2025-06-06T22:49:00Z
2025-06-06,GBP,AUD,1.9296,2025-06-06T13:25:00Z
2025-06-07,GBP,USD,1.2838,2025-06-07T02:34:00Z
2025-06-07,GBP,EUR,1.159,2025-06-07T12:44:00Z
2025-06-07,GBP,CAD,1.7327,2025-06-07T15:07:00Z
2025-06-07,GBP,AUD,1.9327,2025-06-07T11:21:00Z
2025-06-08,GBP,USD,1.2773,2025-06-08T12:03:00Z
2025-06-08,GBP,EUR,1.1753,2025-06-08T20:05:00Z
2025-06-08,GBP,CAD,1.7146,2025-06-08T10:05:00Z
2025-06-08,GBP,AUD,1.9436,2025-06-08T09:41:00Z
2025-06-09,GBP,USD,1.2581,2025-06-09T17:02:00Z
2025-06-09,GBP,EUR,1.1887,2025-06-09T21:12:00Z
2025-06-09,GBP,CAD,1.712,2025-06-09T12:57:00Z
2025-06-09,GBP,AUD,1.9143,2025-06-09T22:22:00Z
2025-06-10,GBP,USD,1.2695,2025-06-10T20:28:00Z
2025-06-10,GBP,EUR,1.1794,2025-06-10T04:02:00Z
2025-06-10,GBP,CAD,1.7077,2025-06-10T23:37:00Z
2025-06-10,GBP,AUD,1.9195,2025-06-10T12:04:00Z
2025-06-11,GBP,USD,1.2817,2025-06-11T20:19:00Z
2025-06-11,GBP,EUR,1.17,2025-06-11T14:01:00Z
2025-06-11,GBP,CAD,1.7015,2025-06-11T01:21:00Z
2025-06-11,GBP,AUD,1.9415,2025-06-11T01:25:00Z
2025-06-12,GBP,USD,1.2547,2025-06-12T20:42:00Z
2025-06-12,GBP,EUR,1.1709,2025-06-12T21:55:00Z
2025-06-12,GBP,CAD,1.735,2025-06-12T04:47:00Z
2025-06-12,GBP,AUD,1.9332,2025-06-12T02:02:00Z
2025-06-13,GBP,USD,1.2794,2025-06-13T15:41:00Z
2025-06-13,GBP,EUR,1.1508,2025-06-13T19:02:00Z
2025-06-13,GBP,CAD,1.7097,2025-06-13T20:08:00Z
2025-06-13,GBP,AUD,1.9106,2025-06-13T20:03:00Z
2025-06-14,GBP,USD,1.2862,2025-06-14T03:29:00Z
2025-06-14,GBP,EUR,1.1744,2025-06-14T18:04:00Z
2025-06-14,GBP,CAD,1.7327,2025-06-14T03:07:00Z
2025-06-14,GBP,AUD,1.9299,2025-06-14T19:14:00Z
2025-06-15,GBP,USD,1.2525,2025-06-15T06:27:00Z
2025-06-15,GBP,EUR,1.1635,2025-06-15T23:43:00Z
2025-06-15,GBP,CAD,1.7161,2025-06-15T03:43:00Z
2025-06-15,GBP,AUD,1.933,2025-06-15T04:20:00Z
2025-06-16,GBP,USD,1.2835,2025-06-16T06:48:00Z
2025-06-16,GBP,EUR,1.1518,2025-06-16T05:21:00Z
2025-06-16,GBP,CAD,1.7025,2025-06-16T08:09:00Z
2025-06-16,GBP,AUD,1.9403,2025-06-16T05:44:00Z
2025-06-17,GBP,USD,1.2648,2025-06-17T05:28:00Z
2025-06-17,GBP,EUR,1.1597,2025-06-17T18:02:00Z
2025-06-17,GBP,CAD,1.7053,2025-06-17T20:39:00Z
2025-06-17,GBP,AUD,1.925,2025-06-17T05:01:00Z
2025-06-18,GBP,USD,1.2852,2025-06-18T02:00:00Z
2025-06-18,GBP,EUR,1.1503,2025-06-18T02:45:00Z
2025-06-18,GBP,CAD,1.7261,2025-06-18T09:26:00Z
2025-06-18,GBP,AUD,1.9377,2025-06-18T15:44:00Z
2025-06-19,GBP,USD,1.2551,2025-06-19T04:40:00Z
2025-06-19,GBP,EUR,1.1608,2025-06-19T14:26:00Z
2025-06-19,GBP,CAD,1.7096,2025-06-19T05:39:00Z
2025-06-19,GBP,AUD,1.9377,2025-06-19T19:11:00Z
2025-06-20,GBP,USD,1.2787,2025-06-20T19:05:00Z
2025-06-20,GBP,EUR,1.1751,2025-06-20T09:22:00Z
2025-06-20,GBP,CAD,1.7168,2025-06-20T17:15:00Z
2025-06-20,GBP,AUD,1.9177,2025-06-20T16:06:00Z
2025-06-21,GBP,USD,1.2748,2025-06-21T17:32:00Z
2025-06-21,GBP,EUR,1.1588,2025-06-21T20:42:00Z
2025-06-21,GBP,CAD,1.7083,2025-06-21T01:12:00Z
2025-06-21,GBP,AUD,1.9145,2025-06-21T04:43:00Z
2025-06-22,GBP,USD,1.2838,2025-06-22T15:31:00Z
2025-06-22,GBP,EUR,1.1571,2025-06-22T21:59:00Z
2025-06-22,GBP,CAD,1.7017,2025-06-22T20:23:00Z
2025-06-22,GBP,AUD,1.9214,2025-06-22T13:16:00Z
2025-06-23,GBP,USD,1.2634,2025-06-23T14:02:00Z
2025-06-23,GBP,EUR,1.1542,2025-06-23T01:59:00Z
2025-06-23,GBP,CAD,1.7215,2025-06-23T05:50:00Z
2025-06-23,GBP,AUD,1.9112,2025-06-23T16:07:00Z
2025-06-24,GBP,USD,1.2528,2025-06-24T07:46:00Z
2025-06-24,GBP,EUR,1.1678,2025-06-24T18:20:00Z
2025-06-24,GBP,CAD,1.7168,2025-06-24T23:43:00Z
2025-06-24,GBP,AUD,1.9459,2025-06-24T07:49:00Z
2025-06-25,GBP,USD,1.2544,2025-06-25T07:06:00Z
2025-06-25,GBP,EUR,1.1595,2025-06-25T13:55:00Z
2025-06-25,GBP,CAD,1.708,2025-06-25T07:04:00Z
2025-06-25,GBP,AUD,1.9288,2025-06-25T15:03:00Z
2025-06-26,GBP,USD,1.2856,2025-06-26T04:13:00Z
2025-06-26,GBP,EUR,1.1871,2025-06-26T14:11:00Z
2025-06-26,GBP,CAD,1.7155,2025-06-26T04:29:00Z
2025-06-26,GBP,AUD,1.9388,2025-06-26T20:22:00Z
2025-06-27,GBP,USD,1.289,2025-06-27T06:21:00Z
2025-06-27,GBP,EUR,1.1551,2025-06-27T22:36:00Z
2025-06-27,GBP,CAD,1.7024,2025-06-27T04:07:00Z
2025-06-27,GBP,AUD,1.9441,2025-06-27T14:26:00Z
2025-06-28,GBP,USD,1.2568,2025-06-28T10:14:00Z
2025-06-28,GBP,EUR,1.1855,2025-06-28T19:10:00Z
2025-06-28,GBP,CAD,1.7316,2025-06-28T20:39:00Z
2025-06-28,GBP,AUD,1.9462,2025-06-28T18:35:00Z
2025-06-29,GBP,USD,1.2842,2025-06-29T02:26:00Z
2025-06-29,GBP,EUR,1.1843,2025-06-29T15:55:00Z
2025-06-29,GBP,CAD,1.7398,2025-06-29T18:30:00Z
2025-06-29,GBP,AUD,1.9435,2025-06-29T08:00:00Z
2025-06-30,GBP,USD,1.2792,2025-06-30T23:55:00Z
2025-06-30,GBP,EUR,1.1599,2025-06-30T10:27:00Z
2025-06-30,GBP,CAD,1.7232,2025-06-30T18:09:00Z
2025-06-30,GBP,AUD,1.9466,2025-06-30T00:26:00Z
2025-07-01,GBP,USD,1.2892,2025-07-01T01:30:00Z
2025-07-01,GBP,EUR,1.1793,2025-07-01T16:02:00Z
2025-07-01,GBP,CAD,1.717,2025-07-01T12:30:00Z
2025-07-01,GBP,AUD,1.9424,2025-07-01T22:52:00Z
2025-07-02,GBP,USD,1.2539,2025-07-02T15:15:00Z
2025-07-02,GBP,EUR,1.1533,2025-07-02T00:44:00Z
2025-07-02,GBP,CAD,1.7293,2025-07-02T06:08:00Z
2025-07-02,GBP,AUD,1.9243,2025-07-02T07:41:00Z
2025-07-03,GBP,USD,1.29,2025-07-03T00:30:00Z
2025-07-03,GBP,EUR,1.1768,2025-07-03T05:45:00Z
2025-07-03,GBP,CAD,1.7184,2025-07-03T18:47:00Z
2025-07-03,GBP,AUD,1.9333,2025-07-03T14:29:00Z
2025-07-04,GBP,USD,1.2809,2025-07-04T22:25:00Z
2025-07-04,GBP,EUR,1.1574,2025-07-04T11:40:00Z
2025-07-04,GBP,CAD,1.7186,2025-07-04T20:00:00Z
2025-07-04,GBP,AUD,1.9444,2025-07-04T02:24:00Z
2025-07-05,GBP,USD,1.2857,2025-07-05T10:33:00Z
2025-07-05,GBP,EUR,1.1513,2025-07-05T13:48:00Z
2025-07-05,GBP,CAD,1.7108,2025-07-05T19:34:00Z
2025-07-05,GBP,AUD,1.933,2025-07-05T06:50:00Z
2025-07-06,GBP,USD,1.2774,2025-07-06T19:56:00Z
2025-07-06,GBP,EUR,1.1634,2025-07-06T01:32:00Z
2025-07-06,GBP,CAD,1.7378,2025-07-06T21:23:00Z
2025-07-06,GBP,AUD,1.9455,2025-07-06T03:24:00Z
2025-07-07,GBP,USD,1.2646,2025-07-07T19:02:00Z
2025-07-07,GBP,EUR,1.1646,2025-07-07T05:41:00Z
2025-07-07,GBP,CAD,1.7224,2025-07-07T02:35:00Z
2025-07-07,GBP,AUD,1.9384,2025-07-07T06:08:00Z
2025-07-08,GBP,USD,1.2893,2025-07-08T07:34:00Z
2025-07-08,GBP,EUR,1.1545,2025-07-08T15:47:00Z
2025-07-08,GBP,CAD,1.7376,2025-07-08T18:55:00Z
2025-07-08,GBP,AUD,1.9484,2025-07-08T06:48:00Z
2025-07-09,GBP,USD,1.2798,2025-07-09T07:20:00Z
2025-07-09,GBP,EUR,1.1641,2025-07-09T08:32:00Z
2025-07-09,GBP,CAD,1.7272,2025-07-09T08:03:00Z
2025-07-09,GBP,AUD,1.9125,2025-07-09T11:28:00Z
2025-07-10,GBP,USD,1.2694,2025-07-10T16:53:00Z
2025-07-10,GBP,EUR,1.1549,2025-07-10T22:34:00Z
2025-07-10,GBP,CAD,1.7271,2025-07-10T17:57:00Z
2025-07-10,GBP,AUD,1.9217,2025-07-10T19:23:00Z
2025-07-11,GBP,USD,1.282,2025-07-11T22:51:00Z
2025-07-11,GBP,EUR,1.1891,2025-07-11T02:12:00Z
2025-07-11,GBP,CAD,1.7357,2025-07-11T14:05:00Z
2025-07-11,GBP,AUD,1.9132,2025-07-11T05:18:00Z
2025-07-12,GBP,USD,1.2883,2025-07-12T02:06:00Z
2025-07-12,GBP,EUR,1.1566,2025-07-12T03:44:00Z
2025-07-12,GBP,CAD,1.7059,2025-07-12T04:55:00Z
2025-07-12,GBP,AUD,1.9182,2025-07-12T20:01:00Z
2025-07-13,GBP,USD,1.2617,2025-07-13T21:34:00Z
2025-07-13,GBP,EUR,1.1873,2025-07-13T15:22:00Z
2025-07-13,GBP,CAD,1.7168,2025-07-13T23:41:00Z
2025-07-13,GBP,AUD,1.9109,2025-07-13T06:04:00Z
2025-07-14,GBP,USD,1.2509,2025-07-14T07:53:00Z
2025-07-14,GBP,EUR,1.1879,2025-07-14T20:21:00Z
2025-07-14,GBP,CAD,1.7165,2025-07-14T10:41:00Z
2025-07-14,GBP,AUD,1.9358,2025-07-14T10:31:00Z
2025-07-15,GBP,USD,1.2737,2025-07-15T22:33:00Z
2025-07-15,GBP,EUR,1.1837,2025-07-15T14:29:00Z
2025-07-15,GBP,CAD,1.7122,2025-07-15T04:57:00Z
2025-07-15,GBP,AUD,1.9416,2025-07-15T05:50:00Z
2025-07-16,GBP,USD,1.2604,2025-07-16T15:23:00Z
2025-07-16,GBP,EUR,1.1888,2025-07-16T01:09:00Z
2025-07-16,GBP,CAD,1.7141,2025-07-16T14:10:00Z
2025-07-16,GBP,AUD,1.9347,2025-07-16T05:45:00Z
2025-07-17,GBP,USD,1.2714,2025-07-17T05:11:00Z
2025-07-17,GBP,EUR,1.1836,2025-07-17T22:57:00Z
2025-07-17,GBP,CAD,1.7267,2025-07-17T04:10:00Z
2025-07-17,GBP,AUD,1.9195,2025-07-17T01:20:00Z
2025-07-18,GBP,USD,1.273,2025-07-18T14:16:00Z
2025-07-18,GBP,EUR,1.1648,2025-07-18T06:35:00Z
2025-07-18,GBP,CAD,1.7283,2025-07-18T21:20:00Z
2025-07-18,GBP,AUD,1.9491,2025-07-18T04:23:00Z
2025-07-19,GBP,USD,1.2679,2025-07-19T05:34:00Z
2025-07-19,GBP,EUR,1.1621,2025-07-19T00:25:00Z
2025-07-19,GBP,CAD,1.7372,2025-07-19T04:29:00Z
2025-07-19,GBP,AUD,1.9471,2025-07-19T04:00:00Z
2025-07-20,GBP,USD,1.2888,2025-07-20T17:32:00Z
2025-07-20,GBP,EUR,1.1633,2025-07-20T22:18:00Z
2025-07-20,GBP,CAD,1.719,2025-07-20T09:48:00Z
2025-07-20,GBP,AUD,1.9492,2025-07-20T18:42:00Z
2025-07-21,GBP,USD,1.2559,2025-07-21T18:46:00Z
2025-07-21,GBP,EUR,1.1863,2025-07-21T14:21:00Z
2025-07-21,GBP,CAD,1.7276,2025-07-21T23:30:00Z
2025-07-21,GBP,AUD,1.946,2025-07-21T04:43:00Z
2025-07-22,GBP,USD,1.272,2025-07-22T09:01:00Z
2025-07-22,GBP,EUR,1.1661,2025-07-22T07:28:00Z
2025-07-22,GBP,CAD,1.7143,2025-07-22T10:03:00Z
2025-07-22,GBP,AUD,1.9343,2025-07-22T06:37:00Z
2025-07-23,GBP,USD,1.2711,2025-07-23T08:12:00Z
2025-07-23,GBP,EUR,1.1509,2025-07-23T17:54:00Z
2025-07-23,GBP,CAD,1.7178,2025-07-23T21:05:00Z
2025-07-23,GBP,AUD,1.949,2025-07-23T12:12:00Z
2025-07-24,GBP,USD,1.2696,2025-07-24T19:38:00Z
2025-07-24,GBP,EUR,1.1705,2025-07-24T01:58:00Z
2025-07-24,GBP,CAD,1.7267,2025-07-24T12:09:00Z
2025-07-24,GBP,AUD,1.9386,2025-07-24T13:23:00Z
2025-07-25,GBP,USD,1.2654,2025-07-25T00:18:00Z
2025-07-25,GBP,EUR,1.1638,2025-07-25T09:28:00Z
2025-07-25,GBP,CAD,1.735,2025-07-25T02:13:00Z
2025-07-25,GBP,AUD,1.9391,2025-07-25T14:47:00Z
2025-07-26,GBP,USD,1.2897,2025-07-26T14:18:00Z
2025-07-26,GBP,EUR,1.1566,2025-07-26T23:57:00Z
2025-07-26,GBP,CAD,1.717,2025-07-26T13:08:00Z
2025-07-26,GBP,AUD,1.9434,2025-07-26T19:05:00Z
2025-07-27,GBP,USD,1.2557,2025-07-27T09:30:00Z
2025-07-27,GBP,EUR,1.1895,2025-07-27T16:21:00Z
2025-07-27,GBP,CAD,1.7026,2025-07-27T18:48:00Z
2025-07-27,GBP,AUD,1.925,2025-07-27T00:26:00Z
2025-07-28,GBP,USD,1.2756,2025-07-28T08:26:00Z
2025-07-28,GBP,EUR,1.157,2025-07-28T14:45:00Z
2025-07-28,GBP,CAD,1.7227,2025-07-28T04:12:00Z
2025-07-28,GBP,AUD,1.9174,2025-07-28T12:18:00Z
2025-07-29,GBP,USD,1.2722,2025-07-29T01:52:00Z
2025-07-29,GBP,EUR,1.183,2025-07-29T18:19:00Z
2025-07-29,GBP,CAD,1.7198,2025-07-29T23:29:00Z
2025-07-29,GBP,AUD,1.919,2025-07-29T00:09:00Z
2025-07-30,GBP,USD,1.2605,2025-07-30T20:53:00Z
2025-07-30,GBP,EUR,1.1755,2025-07-30T03:41:00Z
2025-07-30,GBP,CAD,1.7266,2025-07-30T09:26:00Z
2025-07-30,GBP,AUD,1.9172,2025-07-30T22:41:00Z
2025-07-31,GBP,USD,1.2598,2025-07-31T03:48:00Z
2025-07-31,GBP,EUR,1.1611,2025-07-31T02:38:00Z
2025-07-31,GBP,CAD,1.7298,2025-07-31T18:30:00Z
2025-07-31,GBP,AUD,1.9326,2025-07-31T08:40:00Z
2025-08-01,GBP,USD,1.2774,2025-08-01T22:52:00Z
2025-08-01,GBP,EUR,1.1548,2025-08-01T16:46:00Z
2025-08-01,GBP,CAD,1.723,2025-08-01T08:10:00Z
2025-08-01,GBP,AUD,1.9333,2025-08-01T04:20:00Z
2025-08-02,GBP,USD,1.2684,2025-08-02T22:08:00Z
2025-08-02,GBP,EUR,1.1643,2025-08-02T01:17:00Z
2025-08-02,GBP,CAD,1.7144,2025-08-02T20:58:00Z
2025-08-02,GBP,AUD,1.9482,2025-08-02T01:18:00Z
2025-08-03,GBP,USD,1.2617,2025-08-03T20:59:00Z
2025-08-03,GBP,EUR,1.1531,2025-08-03T06:49:00Z
2025-08-03,GBP,CAD,1.7251,2025-08-03T03:38:00Z
2025-08-03,GBP,AUD,1.9401,2025-08-03T17:20:00Z
2025-08-04,GBP,USD,1.2849,2025-08-04T21:51:00Z
2025-08-04,GBP,EUR,1.162,2025-08-04T21:44:00Z
2025-08-04,GBP,CAD,1.7275,2025-08-04T03:34:00Z
2025-08-04,GBP,AUD,1.9332,2025-08-04T04:00:00Z
2025-08-05,GBP,USD,1.2555,2025-08-05T09:23:00Z
2025-08-05,GBP,EUR,1.1812,2025-08-05T13:21:00Z
2025-08-05,GBP,CAD,1.7368,2025-08-05T05:06:00Z
2025-08-05,GBP,AUD,1.9187,2025-08-05T16:14:00Z
2025-08-06,GBP,USD,1.2833,2025-08-06T17:39:00Z
2025-08-06,GBP,EUR,1.1776,2025-08-06T16:54:00Z
2025-08-06,GBP,CAD,1.7213,2025-08-06T17:44:00Z
2025-08-06,GBP,AUD,1.9403,2025-08-06T03:26:00Z
2025-08-07,GBP,USD,1.2684,2025-08-07T02:07:00Z
2025-08-07,GBP,EUR,1.1828,2025-08-07T00:30:00Z
2025-08-07,GBP,CAD,1.7139,2025-08-07T22:23:00Z
2025-08-07,GBP,AUD,1.9156,2025-08-07T14:56:00Z
2025-08-08,GBP,USD,1.2895,2025-08-08T16:48:00Z
2025-08-08,GBP,EUR,1.1888,2025-08-08T05:45:00Z
2025-08-08,GBP,CAD,1.7122,2025-08-08T23:52:00Z
2025-08-08,GBP,AUD,1.9147,2025-08-08T04:54:00Z
2025-08-09,GBP,USD,1.2778,2025-08-09T22:14:00Z
2025-08-09,GBP,EUR,1.1623,2025-08-09T06:08:00Z
2025-08-09,GBP,CAD,1.7392,2025-08-09T13:44:00Z
2025-08-09,GBP,AUD,1.9405,2025-08-09T03:04:00Z
2025-08-10,GBP,USD,1.2508,2025-08-10T15:48:00Z
2025-08-10,GBP,EUR,1.1672,2025-08-10T06:06:00Z
2025-08-10,GBP,CAD,1.7013,2025-08-10T21:32:00Z
2025-08-10,GBP,AUD,1.9337,2025-08-10T15:07:00Z
2025-08-11,GBP,USD,1.2863,2025-08-11T01:04:00Z
2025-08-11,GBP,EUR,1.1621,2025-08-11T00:48:00Z
2025-08-11,GBP,CAD,1.7039,2025-08-11T03:58:00Z
2025-08-11,GBP,AUD,1.9341,2025-08-11T18:57:00Z
2025-08-12,GBP,USD,1.258,2025-08-12T21:22:00Z
2025-08-12,GBP,EUR,1.1512,2025-08-12T04:54:00Z
2025-08-12,GBP,CAD,1.7298,2025-08-12T08:37:00Z
2025-08-12,GBP,AUD,1.9239,2025-08-12T05:54:00Z
2025-08-13,GBP,USD,1.27,2025-08-13T23:39:00Z
2025-08-13,GBP,EUR,1.1597,2025-08-13T18:04:00Z
2025-08-13,GBP,CAD,1.704,2025-08-13T18:48:00Z
2025-08-13,GBP,AUD,1.9106,2025-08-13T06:45:00Z
2025-08-14,GBP,USD,1.2577,2025-08-14T09:10:00Z
2025-08-14,GBP,EUR,1.1861,2025-08-14T17:00:00Z
2025-08-14,GBP,CAD,1.7389,2025-08-14T03:59:00Z
2025-08-14,GBP,AUD,1.9186,2025-08-14T16:54:00Z
2025-08-15,GBP,USD,1.2783,2025-08-15T11:44:00Z
2025-08-15,GBP,EUR,1.1736,2025-08-15T14:43:00Z
2025-08-15,GBP,CAD,1.7383,2025-08-15T05:53:00Z
2025-08-15,GBP,AUD,1.9242,2025-08-15T12:27:00Z
2025-08-16,GBP,USD,1.2586,2025-08-16T07:26:00Z
2025-08-16,GBP,EUR,1.1545,2025-08-16T10:07:00Z
2025-08-16,GBP,CAD,1.7186,2025-08-16T16:08:00Z
2025-08-16,GBP,AUD,1.9298,2025-08-16T11:45:00Z
2025-08-17,GBP,USD,1.2615,2025-08-17T23:02:00Z
2025-08-17,GBP,EUR,1.1533,2025-08-17T15:07:00Z
2025-08-17,GBP,CAD,1.7154,2025-08-17T14:38:00Z
2025-08-17,GBP,AUD,1.9394,2025-08-17T21:53:00Z
2025-08-18,GBP,USD,1.2678,2025-08-18T17:26:00Z
2025-08-18,GBP,EUR,1.1616,2025-08-18T13:12:00Z
2025-08-18,GBP,CAD,1.7343,2025-08-18T15:43:00Z
2025-08-18,GBP,AUD,1.9247,2025-08-18T00:43:00Z
2025-08-19,GBP,USD,1.2697,2025-08-19T03:25:00Z
2025-08-19,GBP,EUR,1.1675,2025-08-19T21:43:00Z
2025-08-19,GBP,CAD,1.7034,2025-08-19T04:25:00Z
2025-08-19,GBP,AUD,1.926,2025-08-19T18:06:00Z
2025-08-20,GBP,USD,1.2797,2025-08-20T05:04:00Z
2025-08-20,GBP,EUR,1.1645,2025-08-20T06:21:00Z
2025-08-20,GBP,CAD,1.708,2025-08-20T12:07:00Z
2025-08-20,GBP,AUD,1.9193,2025-08-20T13:46:00Z
2025-08-21,GBP,USD,1.27,2025-08-21T22:49:00Z
2025-08-21,GBP,EUR,1.1733,2025-08-21T08:48:00Z
2025-08-21,GBP,CAD,1.7316,2025-08-21T20:25:00Z
2025-08-21,GBP,AUD,1.9242,2025-08-21T21:38:00Z
2025-08-22,GBP,USD,1.288,2025-08-22T15:32:00Z
2025-08-22,GBP,EUR,1.1612,2025-08-22T14:06:00Z
2025-08-22,GBP,CAD,1.7049,2025-08-22T15:31:00Z
2025-08-22,GBP,AUD,1.9192,2025-08-22T04:01:00Z
2025-08-23,GBP,USD,1.254,2025-08-23T01:53:00Z
2025-08-23,GBP,EUR,1.1527,2025-08-23T21:01:00Z
2025-08-23,GBP,CAD,1.7389,2025-08-23T12:38:00Z
2025-08-23,GBP,AUD,1.9372,2025-08-23T04:19:00Z
2025-08-24,GBP,USD,1.2749,2025-08-24T03:48:00Z
2025-08-24,GBP,EUR,1.1531,2025-08-24T16:49:00Z
2025-08-24,GBP,CAD,1.7197,2025-08-24T14:12:00Z
2025-08-24,GBP,AUD,1.9217,2025-08-24T15:31:00Z
2025-08-25,GBP,USD,1.2702,2025-08-25T17:21:00Z
2025-08-25,GBP,EUR,1.1824,2025-08-25T17:34:00Z
2025-08-25,GBP,CAD,1.7007,2025-08-25T01:27:00Z
2025-08-25,GBP,AUD,1.9452,2025-08-25T03:24:00Z
2025-08-26,GBP,USD,1.268,2025-08-26T12:28:00Z
2025-08-26,GBP,EUR,1.1684,2025-08-26T01:11:00Z
2025-08-26,GBP,CAD,1.7223,2025-08-26T09:56:00Z
2025-08-26,GBP,AUD,1.9382,2025-08-26T15:27:00Z
2025-08-27,GBP,USD,1.2554,2025-08-27T22:24:00Z
2025-08-27,GBP,EUR,1.1695,2025-08-27T03:36:00Z
2025-08-27,GBP,CAD,1.727,2025-08-27T21:35:00Z
2025-08-27,GBP,AUD,1.9374,2025-08-27T18:30:00Z
2025-08-28,GBP,USD,1.269,2025-08-28T05:32:00Z
2025-08-28,GBP,EUR,1.1522,2025-08-28T08:31:00Z
2025-08-28,GBP,CAD,1.7236,2025-08-28T12:39:00Z
2025-08-28,GBP,AUD,1.9371,2025-08-28T09:20:00Z
2025-08-29,GBP,USD,1.2525,2025-08-29T18:02:00Z
2025-08-29,GBP,EUR,1.1551,2025-08-29T11:22:00Z
2025-08-29,GBP,CAD,1.7324,2025-08-29T18:01:00Z
2025-08-29,GBP,AUD,1.9406,2025-08-29T20:21:00Z
2025-08-30,GBP,USD,1.2652,2025-08-30T13:22:00Z
2025-08-30,GBP,EUR,1.1897,2025-08-30T13:22:00Z
2025-08-30,GBP,CAD,1.7023,2025-08-30T07:15:00Z
2025-08-30,GBP,AUD,1.9194,2025-08-30T09:37:00Z
2025-08-31,GBP,USD,1.2534,2025-08-31T22:04:00Z
2025-08-31,GBP,EUR,1.1848,2025-08-31T03:21:00Z
2025-08-31,GBP,CAD,1.7068,2025-08-31T17:20:00Z
2025-08-31,GBP,AUD,1.9115,2025-08-31T21:55:00Z
2025-09-01,GBP,USD,1.2669,2025-09-01T16:57:00Z
2025-09-01,GBP,EUR,1.1668,2025-09-01T00:44:00Z
2025-09-01,GBP,CAD,1.7188,2025-09-01T00:20:00Z
2025-09-01,GBP,AUD,1.9251,2025-09-01T12:20:00Z
2025-09-02,GBP,USD,1.2729,2025-09-02T15:06:00Z
2025-09-02,GBP,EUR,1.1776,2025-09-02T06:21:00Z
2025-09-02,GBP,CAD,1.7199,2025-09-02T21:21:00Z
2025-09-02,GBP,AUD,1.9167,2025-09-02T09:23:00Z
2025-09-03,GBP,USD,1.2888,2025-09-03T06:31:00Z
2025-09-03,GBP,EUR,1.1754,2025-09-03T02:53:00Z
2025-09-03,GBP,CAD,1.734,2025-09-03T06:18:00Z
2025-09-03,GBP,AUD,1.9206,2025-09-03T09:36:00Z
2025-09-04,GBP,USD,1.2661,2025-09-04T07:39:00Z
2025-09-04,GBP,EUR,1.1797,2025-09-04T02:45:00Z
2025-09-04,GBP,CAD,1.7338,2025-09-04T03:37:00Z
2025-09-04,GBP,AUD,1.9235,2025-09-04T02:36:00Z
2025-09-05,GBP,USD,1.282,2025-09-05T15:27:00Z
2025-09-05,GBP,EUR,1.1584,2025-09-05T02:41:00Z
2025-09-05,GBP,CAD,1.7329,2025-09-05T16:51:00Z
2025-09-05,GBP,AUD,1.922,2025-09-05T21:34:00Z
2025-09-06,GBP,USD,1.2625,2025-09-06T13:25:00Z
2025-09-06,GBP,EUR,1.1601,2025-09-06T16:29:00Z
2025-09-06,GBP,CAD,1.7269,2025-09-06T17:11:00Z
2025-09-06,GBP,AUD,1.9452,2025-09-06T20:45:00Z
2025-09-07,GBP,USD,1.2706,2025-09-07T05:36:00Z
2025-09-07,GBP,EUR,1.17,2025-09-07T21:52:00Z
2025-09-07,GBP,CAD,1.7297,2025-09-07T14:17:00Z
2025-09-07,GBP,AUD,1.9475,2025-09-07T17:51:00Z
2025-09-08,GBP,USD,1.2746,2025-09-08T13:59:00Z
2025-09-08,GBP,EUR,1.1726,2025-09-08T20:03:00Z
2025-09-08,GBP,CAD,1.7209,2025-09-08T11:29:00Z
2025-09-08,GBP,AUD,1.9159,2025-09-08T04:47:00Z
2025-09-09,GBP,USD,1.2774,2025-09-09T09:54:00Z
2025-09-09,GBP,EUR,1.1674,2025-09-09T10:55:00Z
2025-09-09,GBP,CAD,1.7332,2025-09-09T02:40:00Z
2025-09-09,GBP,AUD,1.9181,2025-09-09T13:17:00Z
2025-09-10,GBP,USD,1.2829,2025-09-10T20:10:00Z
2025-09-10,GBP,EUR,1.1603,2025-09-10T19:15:00Z
2025-09-10,GBP,CAD,1.7162,2025-09-10T03:09:00Z
2025-09-10,GBP,AUD,1.9177,2025-09-10T07:51:00Z
2025-09-11,GBP,USD,1.2831,2025-09-11T14:31:00Z
2025-09-11,GBP,EUR,1.1724,2025-09-11T13:27:00Z
2025-09-11,GBP,CAD,1.7259,2025-09-11T01:12:00Z
2025-09-11,GBP,AUD,1.9164,2025-09-11T04:01:00Z
2025-09-12,GBP,USD,1.2603,2025-09-12T08:42:00Z
2025-09-12,GBP,EUR,1.172,2025-09-12T20:54:00Z
2025-09-12,GBP,CAD,1.7017,2025-09-12T23:31:00Z
2025-09-12,GBP,AUD,1.9413,2025-09-12T01:55:00Z
2025-09-13,GBP,USD,1.2859,2025-09-13T10:38:00Z
2025-09-13,GBP,EUR,1.1619,2025-09-13T02:57:00Z
2025-09-13,GBP,CAD,1.7382,2025-09-13T11:42:00Z
2025-09-13,GBP,AUD,1.9363,2025-09-13T02:25:00Z
2025-09-14,GBP,USD,1.2877,2025-09-14T23:53:00Z
2025-09-14,GBP,EUR,1.1556,2025-09-14T03:36:00Z
2025-09-14,GBP,CAD,1.7294,2025-09-14T03:33:00Z
2025-09-14,GBP,AUD,1.9366,2025-09-14T18:49:00Z
2025-09-15,GBP,USD,1.2873,2025-09-15T08:31:00Z
2025-09-15,GBP,EUR,1.1854,2025-09-15T07:38:00Z
2025-09-15,GBP,CAD,1.7049,2025-09-15T10:21:00Z
2025-09-15,GBP,AUD,1.9433,2025-09-15T23:24:00Z
2025-09-16,GBP,USD,1.2822,2025-09-16T23:15:00Z
2025-09-16,GBP,EUR,1.1874,2025-09-16T06:09:00Z
2025-09-16,GBP,CAD,1.7043,2025-09-16T06:17:00Z
2025-09-16,GBP,AUD,1.9276,2025-09-16T08:55:00Z
2025-09-17,GBP,USD,1.2736,2025-09-17T15:34:00Z
2025-09-17,GBP,EUR,1.165,2025-09-17T03:20:00Z
2025-09-17,GBP,CAD,1.7218,2025-09-17T15:43:00Z
2025-09-17,GBP,AUD,1.9199,2025-09-17T08:56:00Z
2025-09-18,GBP,USD,1.2814,2025-09-18T04:23:00Z
2025-09-18,GBP,EUR,1.169,2025-09-18T11:52:00Z
2025-09-18,GBP,CAD,1.7123,2025-09-18T20:57:00Z
2025-09-18,GBP,AUD,1.9342,2025-09-18T23:42:00Z
2025-09-19,GBP,USD,1.282,2025-09-19T01:44:00Z
2025-09-19,GBP,EUR,1.1867,2025-09-19T21:15:00Z
2025-09-19,GBP,CAD,1.7101,2025-09-19T12:19:00Z
2025-09-19,GBP,AUD,1.9356,2025-09-19T22:23:00Z
2025-09-20,GBP,USD,1.2861,2025-09-20T21:07:00Z
2025-09-20,GBP,EUR,1.1714,2025-09-20T07:54:00Z
2025-09-20,GBP,CAD,1.7177,2025-09-20T00:58:00Z
2025-09-20,GBP,AUD,1.9484,2025-09-20T08:19:00Z
2025-09-21,GBP,USD,1.2536,2025-09-21T07:19:00Z
2025-09-21,GBP,EUR,1.1584,2025-09-21T05:58:00Z
2025-09-21,GBP,CAD,1.7176,2025-09-21T10:56:00Z
2025-09-21,GBP,AUD,1.9425,2025-09-21T20:26:00Z
2025-09-22,GBP,USD,1.2816,2025-09-22T08:55:00Z
2025-09-22,GBP,EUR,1.1532,2025-09-22T15:30:00Z
2025-09-22,GBP,CAD,1.7295,2025-09-22T10:45:00Z
2025-09-22,GBP,AUD,1.9269,2025-09-22T03:52:00Z
2025-09-23,GBP,USD,1.2564,2025-09-23T08:32:00Z
2025-09-23,GBP,EUR,1.1527,2025-09-23T13:38:00Z
2025-09-23,GBP,CAD,1.7292,2025-09-23T17:47:00Z
2025-09-23,GBP,AUD,1.9231,2025-09-23T22:01:00Z
2025-09-24,GBP,USD,1.2805,2025-09-24T20:41:00Z
2025-09-24,GBP,EUR,1.1573,2025-09-24T14:50:00Z
2025-09-24,GBP,CAD,1.7256,2025-09-24T00:25:00Z
2025-09-24,GBP,AUD,1.918,2025-09-24T09:20:00Z
2025-09-25,GBP,USD,1.273,2025-09-25T03:10:00Z
2025-09-25,GBP,EUR,1.16,2025-09-25T22:49:00Z
2025-09-25,GBP,CAD,1.7332,2025-09-25T04:54:00Z
2025-09-25,GBP,AUD,1.9338,2025-09-25T13:50:00Z
2025-09-26,GBP,USD,1.2876,2025-09-26T14:30:00Z
2025-09-26,GBP,EUR,1.1849,2025-09-26T04:16:00Z
2025-09-26,GBP,CAD,1.7069,2025-09-26T18:52:00Z
2025-09-26,GBP,AUD,1.9231,2025-09-26T09:12:00Z
2025-09-27,GBP,USD,1.2534,2025-09-27T11:11:00Z
2025-09-27,GBP,EUR,1.1657,2025-09-27T12:53:00Z
2025-09-27,GBP,CAD,1.7354,2025-09-27T07:01:00Z
2025-09-27,GBP,AUD,1.9479,2025-09-27T17:41:00Z
2025-09-28,GBP,USD,1.2745,2025-09-28T07:58:00Z
2025-09-28,GBP,EUR,1.1536,2025-09-28T14:12:00Z
2025-09-28,GBP,CAD,1.7105,2025-09-28T05:03:00Z
2025-09-28,GBP,AUD,1.926,2025-09-28T13:38:00Z
2025-09-29,GBP,USD,1.2604,2025-09-29T02:23:00Z
2025-09-29,GBP,EUR,1.1568,2025-09-29T18:07:00Z
2025-09-29,GBP,CAD,1.7006,2025-09-29T16:27:00Z
2025-09-29,GBP,AUD,1.9409,2025-09-29T14:52:00Z
2025-09-30,GBP,USD,1.2769,2025-09-30T03:14:00Z
2025-09-30,GBP,EUR,1.1785,2025-09-30T06:55:00Z
2025-09-30,GBP,CAD,1.7325,2025-09-30T08:18:00Z
2025-09-30,GBP,AUD,1.9399,2025-09-30T12:08:00Z
2025-10-01,GBP,USD,1.2673,2025-10-01T06:38:00Z
2025-10-01,GBP,EUR,1.1586,2025-10-01T09:46:00Z
2025-10-01,GBP,CAD,1.7271,2025-10-01T13:11:00Z
2025-10-01,GBP,AUD,1.9263,2025-10-01T04:01:00Z
2025-10-02,GBP,USD,1.2616,2025-10-02T08:15:00Z
2025-10-02,GBP,EUR,1.1747,2025-10-02T07:23:00Z
2025-10-02,GBP,CAD,1.7233,2025-10-02T20:29:00Z
2025-10-02,GBP,AUD,1.9134,2025-10-02T15:08:00Z
2025-10-03,GBP,USD,1.2849,2025-10-03T22:25:00Z
2025-10-03,GBP,EUR,1.1775,2025-10-03T22:24:00Z
2025-10-03,GBP,CAD,1.7283,2025-10-03T23:38:00Z
2025-10-03,GBP,AUD,1.9202,2025-10-03T03:35:00Z
2025-10-04,GBP,USD,1.2524,2025-10-04T10:59:00Z
2025-10-04,GBP,EUR,1.1594,2025-10-04T11:38:00Z
2025-10-04,GBP,CAD,1.7376,2025-10-04T19:45:00Z
2025-10-04,GBP,AUD,1.9399,2025-10-04T01:00:00Z
2025-10-05,GBP,USD,1.2601,2025-10-05T19:24:00Z
2025-10-05,GBP,EUR,1.1621,2025-10-05T12:42:00Z
2025-10-05,GBP,CAD,1.7148,2025-10-05T17:02:00Z
2025-10-05,GBP,AUD,1.9332,2025-10-05T08:10:00Z
2025-10-06,GBP,USD,1.2701,2025-10-06T10:56:00Z
2025-10-06,GBP,EUR,1.1687,2025-10-06T02:20:00Z
2025-10-06,GBP,CAD,1.7284,2025-10-06T13:09:00Z
2025-10-06,GBP,AUD,1.9204,2025-10-06T10:02:00Z
2025-10-07,GBP,USD,1.2891,2025-10-07T15:55:00Z
2025-10-07,GBP,EUR,1.1889,2025-10-07T08:47:00Z
2025-10-07,GBP,CAD,1.7144,2025-10-07T13:18:00Z
2025-10-07,GBP,AUD,1.9461,2025-10-07T08:39:00Z
2025-10-08,GBP,USD,1.2832,2025-10-08T08:33:00Z
2025-10-08,GBP,EUR,1.1625,2025-10-08T05:20:00Z
2025-10-08,GBP,CAD,1.7295,2025-10-08T15:48:00Z
2025-10-08,GBP,AUD,1.948,2025-10-08T17:54:00Z
2025-10-09,GBP,USD,1.2869,2025-10-09T20:51:00Z
2025-10-09,GBP,EUR,1.1676,2025-10-09T06:09:00Z
2025-10-09,GBP,CAD,1.7022,2025-10-09T05:02:00Z
2025-10-09,GBP,AUD,1.9288,2025-10-09T05:45:00Z
2025-10-10,GBP,USD,1.2687,2025-10-10T03:57:00Z
2025-10-10,GBP,EUR,1.1871,2025-10-10T01:28:00Z
2025-10-10,GBP,CAD,1.7143,2025-10-10T22:35:00Z
2025-10-10,GBP,AUD,1.9294,2025-10-10T15:07:00Z
2025-10-11,GBP,USD,1.2838,2025-10-11T04:07:00Z
2025-10-11,GBP,EUR,1.164,2025-10-11T06:55:00Z
2025-10-11,GBP,CAD,1.7114,2025-10-11T05:47:00Z
2025-10-11,GBP,AUD,1.9303,2025-10-11T08:36:00Z
2025-10-12,GBP,USD,1.2856,2025-10-12T18:13:00Z
2025-10-12,GBP,EUR,1.1733,2025-10-12T00:33:00Z
2025-10-12,GBP,CAD,1.7307,2025-10-12T05:26:00Z
2025-10-12,GBP,AUD,1.9468,2025-10-12T07:49:00Z
2025-10-13,GBP,USD,1.2699,2025-10-13T03:56:00Z
2025-10-13,GBP,EUR,1.1631,2025-10-13T09:43:00Z
2025-10-13,GBP,CAD,1.7393,2025-10-13T03:25:00Z
2025-10-13,GBP,AUD,1.9249,2025-10-13T03:53:00Z
2025-10-14,GBP,USD,1.2629,2025-10-14T00:05:00Z
2025-10-14,GBP,EUR,1.1684,2025-10-14T22:42:00Z
2025-10-14,GBP,CAD,1.7192,2025-10-14T20:17:00Z
2025-10-14,GBP,AUD,1.9338,2025-10-14T00:21:00Z
2025-10-15,GBP,USD,1.2888,2025-10-15T20:39:00Z
2025-10-15,GBP,EUR,1.188,2025-10-15T10:46:00Z
2025-10-15,GBP,CAD,1.74,2025-10-15T18:08:00Z
2025-10-15,GBP,AUD,1.9185,2025-10-15T01:51:00Z
2025-10-16,GBP,USD,1.2757,2025-10-16T10:51:00Z
2025-10-16,GBP,EUR,1.1522,2025-10-16T02:35:00Z
2025-10-16,GBP,CAD,1.7381,2025-10-16T12:05:00Z
2025-10-16,GBP,AUD,1.926,2025-10-16T05:15:00Z
2025-10-17,GBP,USD,1.2886,2025-10-17T12:05:00Z
2025-10-17,GBP,EUR,1.1508,2025-10-17T06:10:00Z
2025-10-17,GBP,CAD,1.7155,2025-10-17T12:18:00Z
2025-10-17,GBP,AUD,1.9359,2025-10-17T20:09:00Z
2025-10-18,GBP,USD,1.2548,2025-10-18T15:51:00Z
2025-10-18,GBP,EUR,1.1673,2025-10-18T09:57:00Z
2025-10-18,GBP,CAD,1.7274,2025-10-18T04:22:00Z
2025-10-18,GBP,AUD,1.9366,2025-10-18T11:32:00Z
2025-10-19,GBP,USD,1.258,2025-10-19T14:56:00Z
2025-10-19,GBP,EUR,1.1655,2025-10-19T08:36:00Z
2025-10-19,GBP,CAD,1.724,2025-10-19T02:48:00Z
2025-10-19,GBP,AUD,1.9269,2025-10-19T11:39:00Z
2025-10-20,GBP,USD,1.2575,2025-10-20T20:27:00Z
2025-10-20,GBP,EUR,1.1537,2025-10-20T16:21:00Z
2025-10-20,GBP,CAD,1.7389,2025-10-20T21:14:00Z
2025-10-20,GBP,AUD,1.9359,2025-10-20T22:09:00Z
2025-10-21,GBP,USD,1.2872,2025-10-21T16:40:00Z
2025-10-21,GBP,EUR,1.1759,2025-10-21T02:18:00Z
2025-10-21,GBP,CAD,1.7187,2025-10-21T02:58:00Z
2025-10-21,GBP,AUD,1.9421,2025-10-21T09:09:00Z
2025-10-22,GBP,USD,1.2894,2025-10-22T21:57:00Z
2025-10-22,GBP,EUR,1.162,2025-10-22T07:33:00Z
2025-10-22,GBP,CAD,1.7171,2025-10-22T18:03:00Z
2025-10-22,GBP,AUD,1.932,2025-10-22T01:32:00Z
2025-10-23,GBP,USD,1.2543,2025-10-23T13:26:00Z
2025-10-23,GBP,EUR,1.1538,2025-10-23T21:46:00Z
2025-10-23,GBP,CAD,1.7227,2025-10-23T08:22:00Z
2025-10-23,GBP,AUD,1.9202,2025-10-23T02:49:00Z
2025-10-24,GBP,USD,1.2701,2025-10-24T03:47:00Z
2025-10-24,GBP,EUR,1.1765,2025-10-24T05:50:00Z
2025-10-24,GBP,CAD,1.7073,2025-10-24T12:02:00Z
2025-10-24,GBP,AUD,1.9133,2025-10-24T22:19:00Z
2025-10-25,GBP,USD,1.2626,2025-10-25T23:29:00Z
2025-10-25,GBP,EUR,1.1803,2025-10-25T14:39:00Z
2025-10-25,GBP,CAD,1.7323,2025-10-25T10:58:00Z
2025-10-25,GBP,AUD,1.9449,2025-10-25T05:13:00Z
2025-10-26,GBP,USD,1.2574,2025-10-26T23:38:00Z
2025-10-26,GBP,EUR,1.1604,2025-10-26T21:06:00Z
2025-10-26,GBP,CAD,1.7174,2025-10-26T00:00:00Z
2025-10-26,GBP,AUD,1.9258,2025-10-26T00:10:00Z
2025-10-27,GBP,USD,1.2762,2025-10-27T14:44:00Z
2025-10-27,GBP,EUR,1.1662,2025-10-27T21:47:00Z
2025-10-27,GBP,CAD,1.7241,2025-10-27T15:19:00Z
2025-10-27,GBP,AUD,1.9347,2025-10-27T19:23:00Z
2025-10-28,GBP,USD,1.2776,2025-10-28T22:43:00Z
2025-10-28,GBP,EUR,1.1658,2025-10-28T09:05:00Z
2025-10-28,GBP,CAD,1.705,2025-10-28T00:12:00Z
2025-10-28,GBP,AUD,1.9145,2025-10-28T00:44:00Z
2025-10-29,GBP,USD,1.2888,2025-10-29T00:13:00Z
2025-10-29,GBP,EUR,1.1692,2025-10-29T04:41:00Z
2025-10-29,GBP,CAD,1.7097,2025-10-29T20:54:00Z
2025-10-29,GBP,AUD,1.9416,2025-10-29T06:05:00Z
2025-10-30,GBP,USD,1.262,2025-10-30T14:09:00Z
2025-10-30,GBP,EUR,1.169,2025-10-30T00:07:00Z
2025-10-30,GBP,CAD,1.7066,2025-10-30T04:47:00Z
2025-10-30,GBP,AUD,1.9381,2025-10-30T15:30:00Z
2025-10-31,GBP,USD,1.2508,2025-10-31T14:37:00Z
2025-10-31,GBP,EUR,1.1597,2025-10-31T09:36:00Z
2025-10-31,GBP,CAD,1.7332,2025-10-31T12:03:00Z
2025-10-31,GBP,AUD,1.9234,2025-10-31T03:40:00Z
2025-11-01,GBP,USD,1.2839,2025-11-01T13:26:00Z
2025-11-01,GBP,EUR,1.1839,2025-11-01T23:37:00Z
2025-11-01,GBP,CAD,1.7238,2025-11-01T17:18:00Z
2025-11-01,GBP,AUD,1.9115,2025-11-01T12:31:00Z
2025-11-02,GBP,USD,1.2705,2025-11-02T23:39:00Z
2025-11-02,GBP,EUR,1.1874,2025-11-02T15:14:00Z
2025-11-02,GBP,CAD,1.7286,2025-11-02T16:01:00Z
2025-11-02,GBP,AUD,1.9269,2025-11-02T10:35:00Z
2025-11-03,GBP,USD,1.2525,2025-11-03T20:26:00Z
2025-11-03,GBP,EUR,1.1856,2025-11-03T03:31:00Z
2025-11-03,GBP,CAD,1.7249,2025-11-03T20:22:00Z
2025-11-03,GBP,AUD,1.9279,2025-11-03T13:01:00Z
2025-11-04,GBP,USD,1.2565,2025-11-04T23:12:00Z
2025-11-04,GBP,EUR,1.1688,2025-11-04T14:14:00Z
2025-11-04,GBP,CAD,1.7203,2025-11-04T18:58:00Z
2025-11-04,GBP,AUD,1.9374,2025-11-04T19:54:00Z
2025-11-05,GBP,USD,1.2837,2025-11-05T21:29:00Z
2025-11-05,GBP,EUR,1.1552,2025-11-05T09:46:00Z
2025-11-05,GBP,CAD,1.7285,2025-11-05T13:53:00Z
2025-11-05,GBP,AUD,1.9476,2025-11-05T20:47:00Z
2025-11-06,GBP,USD,1.2644,2025-11-06T15:51:00Z
2025-11-06,GBP,EUR,1.1888,2025-11-06T05:39:00Z
2025-11-06,GBP,CAD,1.7083,2025-11-06T22:47:00Z
2025-11-06,GBP,AUD,1.9134,2025-11-06T15:08:00Z
2025-11-07,GBP,USD,1.2569,2025-11-07T05:38:00Z
2025-11-07,GBP,EUR,1.1697,2025-11-07T13:31:00Z
2025-11-07,GBP,CAD,1.7121,2025-11-07T06:35:00Z
2025-11-07,GBP,AUD,1.9119,2025-11-07T00:22:00Z
2025-11-08,GBP,USD,1.2852,2025-11-08T11:43:00Z
2025-11-08,GBP,EUR,1.1563,2025-11-08T16:02:00Z
2025-11-08,GBP,CAD,1.7323,2025-11-08T10:27:00Z
2025-11-08,GBP,AUD,1.9146,2025-11-08T07:07:00Z
2025-11-09,GBP,USD,1.2725,2025-11-09T15:16:00Z
2025-11-09,GBP,EUR,1.1897,2025-11-09T11:49:00Z
2025-11-09,GBP,CAD,1.7019,2025-11-09T17:17:00Z
2025-11-09,GBP,AUD,1.9459,2025-11-09T22:55:00Z
2025-11-10,GBP,USD,1.2706,2025-11-10T21:06:00Z
2025-11-10,GBP,EUR,1.1783,2025-11-10T14:51:00Z
2025-11-10,GBP,CAD,1.7183,2025-11-10T03:06:00Z
2025-11-10,GBP,AUD,1.9413,2025-11-10T19:50:00Z
2025-11-11,GBP,USD,1.2843,2025-11-11T03:52:00Z
2025-11-11,GBP,EUR,1.1725,2025-11-11T16:06:00Z
2025-11-11,GBP,CAD,1.7067,2025-11-11T03:55:00Z
2025-11-11,GBP,AUD,1.9182,2025-11-11T11:10:00Z
2025-11-12,GBP,USD,1.2791,2025-11-12T22:28:00Z
2025-11-12,GBP,EUR,1.1805,2025-11-12T15:46:00Z
2025-11-12,GBP,CAD,1.7348,2025-11-12T04:41:00Z
2025-11-12,GBP,AUD,1.9245,2025-11-12T04:07:00Z
2025-11-13,GBP,USD,1.2839,2025-11-13T14:26:00Z
2025-11-13,GBP,EUR,1.1808,2025-11-13T00:15:00Z
2025-11-13,GBP,CAD,1.7334,2025-11-13T15:21:00Z
2025-11-13,GBP,AUD,1.9215,2025-11-13T05:05:00Z
2025-11-14,GBP,USD,1.2606,2025-11-14T22:48:00Z
2025-11-14,GBP,EUR,1.1666,2025-11-14T20:42:00Z
2025-11-14,GBP,CAD,1.7098,2025-11-14T16:26:00Z
2025-11-14,GBP,AUD,1.9415,2025-11-14T04:51:00Z
2025-11-15,GBP,USD,1.2672,2025-11-15T13:57:00Z
2025-11-15,GBP,EUR,1.1684,2025-11-15T16:50:00Z
2025-11-15,GBP,CAD,1.7273,2025-11-15T00:28:00Z
2025-11-15,GBP,AUD,1.9158,2025-11-15T00:45:00Z
2025-11-16,GBP,USD,1.2822,2025-11-16T02:05:00Z
2025-11-16,GBP,EUR,1.1635,2025-11-16T12:49:00Z
2025-11-16,GBP,CAD,1.7066,2025-11-16T01:25:00Z
2025-11-16,GBP,AUD,1.9404,2025-11-16T21:59:00Z
2025-11-17,GBP,USD,1.2757,2025-11-17T18:03:00Z
2025-11-17,GBP,EUR,1.1891,2025-11-17T22:51:00Z
2025-11-17,GBP,CAD,1.7264,2025-11-17T16:18:00Z
2025-11-17,GBP,AUD,1.9268,2025-11-17T21:44:00Z
2025-11-18,GBP,USD,1.2721,2025-11-18T09:46:00Z
2025-11-18,GBP,EUR,1.1797,2025-11-18T11:00:00Z
2025-11-18,GBP,CAD,1.7331,2025-11-18T16:39:00Z
2025-11-18,GBP,AUD,1.9468,2025-11-18T22:25:00Z
2025-11-19,GBP,USD,1.2678,2025-11-19T06:56:00Z
2025-11-19,GBP,EUR,1.1718,2025-11-19T19:41:00Z
2025-11-19,GBP,CAD,1.7177,2025-11-19T11:56:00Z
2025-11-19,GBP,AUD,1.9425,2025-11-19T20:25:00Z
2025-11-20,GBP,USD,1.281,2025-11-20T09:05:00Z
2025-11-20,GBP,EUR,1.1515,2025-11-20T10:24:00Z
2025-11-20,GBP,CAD,1.729,2025-11-20T23:56:00Z
2025-11-20,GBP,AUD,1.915,2025-11-20T17:18:00Z
2025-11-21,GBP,USD,1.2585,2025-11-21T16:35:00Z
2025-11-21,GBP,EUR,1.1625,2025-11-21T10:48:00Z
2025-11-21,GBP,CAD,1.7254,2025-11-21T00:01:00Z
2025-11-21,GBP,AUD,1.9456,2025-11-21T17:37:00Z
2025-11-22,GBP,USD,1.2603,2025-11-22T09:46:00Z
2025-11-22,GBP,EUR,1.1669,2025-11-22T16:07:00Z
2025-11-22,GBP,CAD,1.7293,2025-11-22T11:16:00Z
2025-11-22,GBP,AUD,1.9351,2025-11-22T11:07:00Z
2025-11-23,GBP,USD,1.2519,2025-11-23T20:07:00Z
2025-11-23,GBP,EUR,1.1679,2025-11-23T18:47:00Z
2025-11-23,GBP,CAD,1.7002,2025-11-23T10:15:00Z
2025-11-23,GBP,AUD,1.9422,2025-11-23T18:36:00Z
2025-11-24,GBP,USD,1.2786,2025-11-24T20:42:00Z
2025-11-24,GBP,EUR,1.1713,2025-11-24T19:14:00Z
2025-11-24,GBP,CAD,1.714,2025-11-24T09:42:00Z
2025-11-24,GBP,AUD,1.9414,2025-11-24T22:36:00Z
2025-11-25,GBP,USD,1.2769,2025-11-25T22:24:00Z
2025-11-25,GBP,EUR,1.1708,2025-11-25T07:06:00Z
2025-11-25,GBP,CAD,1.7131,2025-11-25T18:12:00Z
2025-11-25,GBP,AUD,1.9429,2025-11-25T11:29:00Z
2025-11-26,GBP,USD,1.2539,2025-11-26T22:27:00Z
2025-11-26,GBP,EUR,1.1831,2025-11-26T02:05:00Z
2025-11-26,GBP,CAD,1.7025,2025-11-26T04:30:00Z
2025-11-26,GBP,AUD,1.9186,2025-11-26T02:23:00Z
2025-11-27,GBP,USD,1.2771,2025-11-27T12:37:00Z
2025-11-27,GBP,EUR,1.1724,2025-11-27T12:55:00Z
2025-11-27,GBP,CAD,1.7105,2025-11-27T15:40:00Z
2025-11-27,GBP,AUD,1.9269,2025-11-27T14:44:00Z
2025-11-28,GBP,USD,1.2872,2025-11-28T15:46:00Z
2025-11-28,GBP,EUR,1.1889,2025-11-28T05:09:00Z
2025-11-28,GBP,CAD,1.7202,2025-11-28T15:45:00Z
2025-11-28,GBP,AUD,1.9283,2025-11-28T22:32:00Z
2025-11-29,GBP,USD,1.2845,2025-11-29T03:44:00Z
2025-11-29,GBP,EUR,1.1585,2025-11-29T15:02:00Z
2025-11-29,GBP,CAD,1.7299,2025-11-29T17:23:00Z
2025-11-29,GBP,AUD,1.9469,2025-11-29T03:38:00Z
2025-11-30,GBP,USD,1.2841,2025-11-30T03:07:00Z
2025-11-30,GBP,EUR,1.1648,2025-11-30T09:02:00Z
2025-11-30,GBP,CAD,1.7209,2025-11-30T03:23:00Z
2025-11-30,GBP,AUD,1.9222,2025-11-30T11:19:00Z
2025-12-01,GBP,USD,1.2618,2025-12-01T00:50:00Z
2025-12-01,GBP,EUR,1.1557,2025-12-01T18:26:00Z
2025-12-01,GBP,CAD,1.7019,2025-12-01T09:56:00Z
2025-12-01,GBP,AUD,1.9213,2025-12-01T05:52:00Z
2025-12-02,GBP,USD,1.2796,2025-12-02T00:07:00Z
2025-12-02,GBP,EUR,1.1719,2025-12-02T02:55:00Z
2025-12-02,GBP,CAD,1.7018,2025-12-02T15:36:00Z
2025-12-02,GBP,AUD,1.9224,2025-12-02T14:57:00Z
2025-12-03,GBP,USD,1.2635,2025-12-03T12:30:00Z
2025-12-03,GBP,EUR,1.1834,2025-12-03T19:08:00Z
2025-12-03,GBP,CAD,1.7305,2025-12-03T16:40:00Z
2025-12-03,GBP,AUD,1.9284,2025-12-03T14:42:00Z
2025-12-04,GBP,USD,1.268,2025-12-04T23:20:00Z
2025-12-04,GBP,EUR,1.1536,2025-12-04T19:42:00Z
2025-12-04,GBP,CAD,1.7249,2025-12-04T12:14:00Z
2025-12-04,GBP,AUD,1.946,2025-12-04T10:34:00Z
2025-12-05,GBP,USD,1.2518,2025-12-05T21:56:00Z
2025-12-05,GBP,EUR,1.1677,2025-12-05T08:41:00Z
2025-12-05,GBP,CAD,1.7035,2025-12-05T05:45:00Z
2025-12-05,GBP,AUD,1.911,2025-12-05T20:50:00Z
2025-12-06,GBP,USD,1.2809,2025-12-06T09:35:00Z
2025-12-06,GBP,EUR,1.1758,2025-12-06T20:35:00Z
2025-12-06,GBP,CAD,1.7034,2025-12-06T19:34:00Z
2025-12-06,GBP,AUD,1.9331,2025-12-06T01:36:00Z
2025-12-07,GBP,USD,1.2709,2025-12-07T15:32:00Z
2025-12-07,GBP,EUR,1.1859,2025-12-07T03:42:00Z
2025-12-07,GBP,CAD,1.7374,2025-12-07T05:01:00Z
2025-12-07,GBP,AUD,1.921,2025-12-07T06:15:00Z
2025-12-08,GBP,USD,1.2832,2025-12-08T18:28:00Z
2025-12-08,GBP,EUR,1.1534,2025-12-08T17:38:00Z
2025-12-08,GBP,CAD,1.7128,2025-12-08T18:02:00Z
2025-12-08,GBP,AUD,1.9297,2025-12-08T00:21:00Z
2025-12-09,GBP,USD,1.2675,2025-12-09T13:01:00Z
2025-12-09,GBP,EUR,1.1844,2025-12-09T10:24:00Z
2025-12-09,GBP,CAD,1.7103,2025-12-09T03:06:00Z
2025-12-09,GBP,AUD,1.9317,2025-12-09T09:09:00Z
2025-12-10,GBP,USD,1.2573,2025-12-10T02:09:00Z
2025-12-10,GBP,EUR,1.1623,2025-12-10T13:43:00Z
2025-12-10,GBP,CAD,1.7068,2025-12-10T19:20:00Z
2025-12-10,GBP,AUD,1.9173,2025-12-10T22:03:00Z
2025-12-11,GBP,USD,1.2619,2025-12-11T03:20:00Z
2025-12-11,GBP,EUR,1.1557,2025-12-11T10:16:00Z
2025-12-11,GBP,CAD,1.715,2025-12-11T03:03:00Z
2025-12-11,GBP,AUD,1.9181,2025-12-11T19:37:00Z
2025-12-12,GBP,USD,1.2595,2025-12-12T16:48:00Z
2025-12-12,GBP,EUR,1.1702,2025-12-12T03:17:00Z
2025-12-12,GBP,CAD,1.7024,2025-12-12T14:35:00Z
2025-12-12,GBP,AUD,1.9263,2025-12-12T15:01:00Z
2025-12-13,GBP,USD,1.2663,2025-12-13T07:58:00Z
2025-12-13,GBP,EUR,1.1854,2025-12-13T08:35:00Z
2025-12-13,GBP,CAD,1.7385,2025-12-13T21:06:00Z
2025-12-13,GBP,AUD,1.9199,2025-12-13T17:41:00Z
2025-12-14,GBP,USD,1.2814,2025-12-14T09:36:00Z
2025-12-14,GBP,EUR,1.1663,2025-12-14T02:54:00Z
2025-12-14,GBP,CAD,1.7254,2025-12-14T06:50:00Z
2025-12-14,GBP,AUD,1.9487,2025-12-14T11:34:00Z
2025-12-15,GBP,USD,1.2894,2025-12-15T07:34:00Z
2025-12-15,GBP,EUR,1.1881,2025-12-15T17:28:00Z
2025-12-15,GBP,CAD,1.7017,2025-12-15T14:53:00Z
2025-12-15,GBP,AUD,1.9348,2025-12-15T20:10:00Z
2025-12-16,GBP,USD,1.25,2025-12-16T15:17:00Z
2025-12-16,GBP,EUR,1.1739,2025-12-16T21:24:00Z
2025-12-16,GBP,CAD,1.74,2025-12-16T20:13:00Z
2025-12-16,GBP,AUD,1.9334,2025-12-16T16:18:00Z
2025-12-17,GBP,USD,1.2518,2025-12-17T23:34:00Z
2025-12-17,GBP,EUR,1.1725,2025-12-17T09:05:00Z
2025-12-17,GBP,CAD,1.7158,2025-12-17T03:53:00Z
2025-12-17,GBP,AUD,1.9156,2025-12-17T17:17:00Z
2025-12-18,GBP,USD,1.2851,2025-12-18T06:39:00Z
2025-12-18,GBP,EUR,1.1702,2025-12-18T10:56:00Z
2025-12-18,GBP,CAD,1.7273,2025-12-18T10:40:00Z
2025-12-18,GBP,AUD,1.9205,2025-12-18T22:28:00Z
2025-12-19,GBP,USD,1.2609,2025-12-19T21:20:00Z
2025-12-19,GBP,EUR,1.1637,2025-12-19T14:38:00Z
2025-12-19,GBP,CAD,1.7131,2025-12-19T22:08:00Z
2025-12-19,GBP,AUD,1.9359,2025-12-19T00:38:00Z
2025-12-20,GBP,USD,1.2691,2025-12-20T00:43:00Z
2025-12-20,GBP,EUR,1.1569,2025-12-20T17:57:00Z
2025-12-20,GBP,CAD,1.7279,2025-12-20T15:48:00Z
2025-12-20,GBP,AUD,1.9257,2025-12-20T02:50:00Z
2025-12-21,GBP,USD,1.2851,2025-12-21T20:04:00Z
2025-12-21,GBP,EUR,1.1715,2025-12-21T21:28:00Z
2025-12-21,GBP,CAD,1.7269,2025-12-21T11:52:00Z
2025-12-21,GBP,AUD,1.9251,2025-12-21T19:22:00Z
2025-12-22,GBP,USD,1.2655,2025-12-22T22:00:00Z
2025-12-22,GBP,EUR,1.155,2025-12-22T11:59:00Z
2025-12-22,GBP,CAD,1.7077,2025-12-22T00:14:00Z
2025-12-22,GBP,AUD,1.9397,2025-12-22T08:43:00Z
2025-12-23,GBP,USD,1.2869,2025-12-23T11:12:00Z
2025-12-23,GBP,EUR,1.1536,2025-12-23T19:40:00Z
2025-12-23,GBP,CAD,1.7121,2025-12-23T22:14:00Z
2025-12-23,GBP,AUD,1.9194,2025-12-23T15:23:00Z
2025-12-24,GBP,USD,1.2515,2025-12-24T15:57:00Z
2025-12-24,GBP,EUR,1.1782,2025-12-24T19:13:00Z
2025-12-24,GBP,CAD,1.7003,2025-12-24T20:25:00Z
2025-12-24,GBP,AUD,1.9144,2025-12-24T08:36:00Z
2025-12-25,GBP,USD,1.27,2025-12-25T05:35:00Z
2025-12-25,GBP,EUR,1.1578,2025-12-25T23:36:00Z
2025-12-25,GBP,CAD,1.7269,2025-12-25T19:36:00Z
2025-12-25,GBP,AUD,1.917,2025-12-25T18:08:00Z
2025-12-26,GBP,USD,1.2798,2025-12-26T04:16:00Z
2025-12-26,GBP,EUR,1.1873,2025-12-26T07:56:00Z
2025-12-26,GBP,CAD,1.7209,2025-12-26T08:12:00Z
2025-12-26,GBP,AUD,1.9439,2025-12-26T00:44:00Z
2025-12-27,GBP,USD,1.2771,2025-12-27T19:16:00Z
2025-12-27,GBP,EUR,1.1772,2025-12-27T14:00:00Z
2025-12-27,GBP,CAD,1.7375,2025-12-27T20:43:00Z
2025-12-27,GBP,AUD,1.9477,2025-12-27T01:54:00Z
2025-12-28,GBP,USD,1.2876,2025-12-28T13:54:00Z
2025-12-28,GBP,EUR,1.1898,2025-12-28T08:07:00Z
2025-12-28,GBP,CAD,1.7272,2025-12-28T14:31:00Z
2025-12-28,GBP,AUD,1.9245,2025-12-28T01:56:00Z
2025-12-29,GBP,USD,1.2788,2025-12-29T01:17:00Z
2025-12-29,GBP,EUR,1.1867,2025-12-29T17:28:00Z
2025-12-29,GBP,CAD,1.7126,2025-12-29T12:12:00Z
2025-12-29,GBP,AUD,1.9234,2025-12-29T18:51:00Z
2025-12-30,GBP,USD,1.251,2025-12-30T23:14:00Z
2025-12-30,GBP,EUR,1.1891,2025-12-30T13:04:00Z
2025-12-30,GBP,CAD,1.7367,2025-12-30T06:10:00Z
2025-12-30,GBP,AUD,1.9232,2025-12-30T02:40:00Z
2025-12-31,GBP,USD,1.275,2025-12-31T00:30:00Z
2025-12-31,GBP,EUR,1.1673,2025-12-31T00:37:00Z
2025-12-31,GBP,CAD,1.7319,2025-12-31T10:53:00Z
2025-12-31,GBP,AUD,1.92,2025-12-31T03:30:00Z
2026-01-01,GBP,USD,1.2595,2026-01-01T10:53:00Z
2026-01-01,GBP,EUR,1.1522,2026-01-01T10:33:00Z
2026-01-01,GBP,CAD,1.7318,2026-01-01T02:49:00Z
2026-01-01,GBP,AUD,1.934,2026-01-01T14:48:00Z
2026-01-02,GBP,USD,1.2538,2026-01-02T14:37:00Z
2026-01-02,GBP,EUR,1.155,2026-01-02T01:58:00Z
2026-01-02,GBP,CAD,1.7013,2026-01-02T10:56:00Z
2026-01-02,GBP,AUD,1.9439,2026-01-02T02:50:00Z
2026-01-03,GBP,USD,1.2551,2026-01-03T14:03:00Z
2026-01-03,GBP,EUR,1.1621,2026-01-03T20:27:00Z
2026-01-03,GBP,CAD,1.7026,2026-01-03T21:03:00Z
2026-01-03,GBP,AUD,1.9324,2026-01-03T09:54:00Z
2026-01-04,GBP,USD,1.2653,2026-01-04T03:39:00Z
2026-01-04,GBP,EUR,1.1801,2026-01-04T07:55:00Z
2026-01-04,GBP,CAD,1.724,2026-01-04T21:39:00Z
2026-01-04,GBP,AUD,1.9104,2026-01-04T12:29:00Z
2026-01-05,GBP,USD,1.2818,2026-01-05T19:39:00Z
2026-01-05,GBP,EUR,1.1541,2026-01-05T20:43:00Z
2026-01-05,GBP,CAD,1.7313,2026-01-05T14:33:00Z
2026-01-05,GBP,AUD,1.9231,2026-01-05T06:06:00Z
2026-01-06,GBP,USD,1.2541,2026-01-06T19:45:00Z
2026-01-06,GBP,EUR,1.1527,2026-01-06T06:57:00Z
2026-01-06,GBP,CAD,1.7229,2026-01-06T20:32:00Z
2026-01-06,GBP,AUD,1.9203,2026-01-06T13:30:00Z
2026-01-07,GBP,USD,1.279,2026-01-07T14:11:00Z
2026-01-07,GBP,EUR,1.1597,2026-01-07T01:03:00Z
2026-01-07,GBP,CAD,1.7051,2026-01-07T18:27:00Z
2026-01-07,GBP,AUD,1.9305,2026-01-07T20:48:00Z
2026-01-08,GBP,USD,1.2643,2026-01-08T18:56:00Z
2026-01-08,GBP,EUR,1.1716,2026-01-08T04:09:00Z
2026-01-08,GBP,CAD,1.7188,2026-01-08T19:21:00Z
2026-01-08,GBP,AUD,1.9216,2026-01-08T00:33:00Z
2026-01-09,GBP,USD,1.2735,2026-01-09T21:09:00Z
2026-01-09,GBP,EUR,1.1523,2026-01-09T16:52:00Z
2026-01-09,GBP,CAD,1.7334,2026-01-09T01:27:00Z
2026-01-09,GBP,AUD,1.9238,2026-01-09T06:40:00Z
2026-01-10,GBP,USD,1.2863,2026-01-10T02:21:00Z
2026-01-10,GBP,EUR,1.1576,2026-01-10T15:44:00Z
2026-01-10,GBP,CAD,1.7277,2026-01-10T14:38:00Z
2026-01-10,GBP,AUD,1.9377,2026-01-10T18:36:00Z
2026-01-11,GBP,USD,1.2885,2026-01-11T19:19:00Z
2026-01-11,GBP,EUR,1.1667,2026-01-11T05:06:00Z
2026-01-11,GBP,CAD,1.7182,2026-01-11T01:31:00Z
2026-01-11,GBP,AUD,1.9188,2026-01-11T00:40:00Z
2026-01-12,GBP,USD,1.2589,2026-01-12T07:29:00Z
2026-01-12,GBP,EUR,1.175,2026-01-12T07:30:00Z
2026-01-12,GBP,CAD,1.7294,2026-01-12T10:51:00Z
2026-01-12,GBP,AUD,1.9396,2026-01-12T06:25:00Z
2026-01-13,GBP,USD,1.2574,2026-01-13T00:23:00Z
2026-01-13,GBP,EUR,1.1504,2026-01-13T11:01:00Z
2026-01-13,GBP,CAD,1.7222,2026-01-13T04:18:00Z
2026-01-13,GBP,AUD,1.9276,2026-01-13T20:37:00Z
2026-01-14,GBP,USD,1.2865,2026-01-14T11:02:00Z
2026-01-14,GBP,EUR,1.189,2026-01-14T06:12:00Z
2026-01-14,GBP,CAD,1.7114,2026-01-14T07:56:00Z
2026-01-14,GBP,AUD,1.9205,2026-01-14T05:21:00Z
2026-01-15,GBP,USD,1.2839,2026-01-15T07:11:00Z
2026-01-15,GBP,EUR,1.1578,2026-01-15T05:53:00Z
2026-01-15,GBP,CAD,1.7105,2026-01-15T03:01:00Z
2026-01-15,GBP,AUD,1.9433,2026-01-15T04:24:00Z
2026-01-16,GBP,USD,1.2762,2026-01-16T03:21:00Z
2026-01-16,GBP,EUR,1.1874,2026-01-16T09:29:00Z
2026-01-16,GBP,CAD,1.7096,2026-01-16T11:42:00Z
2026-01-16,GBP,AUD,1.9169,2026-01-16T16:51:00Z
2026-01-17,GBP,USD,1.2899,2026-01-17T13:56:00Z
2026-01-17,GBP,EUR,1.1784,2026-01-17T03:09:00Z
2026-01-17,GBP,CAD,1.7353,2026-01-17T04:50:00Z
2026-01-17,GBP,AUD,1.9176,2026-01-17T17:24:00Z
2026-01-18,GBP,USD,1.2778,2026-01-18T10:38:00Z
2026-01-18,GBP,EUR,1.1672,2026-01-18T20:15:00Z
2026-01-18,GBP,CAD,1.7368,2026-01-18T19:37:00Z
2026-01-18,GBP,AUD,1.9176,2026-01-18T17:18:00Z
2026-01-19,GBP,USD,1.2816,2026-01-19T10:15:00Z
2026-01-19,GBP,EUR,1.1521,2026-01-19T08:55:00Z
2026-01-19,GBP,CAD,1.7051,2026-01-19T16:37:00Z
2026-01-19,GBP,AUD,1.9454,2026-01-19T06:46:00Z
2026-01-20,GBP,USD,1.2533,2026-01-20T15:50:00Z
2026-01-20,GBP,EUR,1.1765,2026-01-20T02:10:00Z
2026-01-20,GBP,CAD,1.7203,2026-01-20T20:48:00Z
2026-01-20,GBP,AUD,1.9304,2026-01-20T15:33:00Z
2026-01-21,GBP,USD,1.2686,2026-01-21T10:45:00Z
2026-01-21,GBP,EUR,1.165,2026-01-21T22:30:00Z
2026-01-21,GBP,CAD,1.7286,2026-01-21T15:30:00Z
2026-01-21,GBP,AUD,1.9207,2026-01-21T12:40:00Z
2026-01-22,GBP,USD,1.2868,2026-01-22T18:41:00Z
2026-01-22,GBP,EUR,1.1515,2026-01-22T07:57:00Z
2026-01-22,GBP,CAD,1.7081,2026-01-22T07:25:00Z
2026-01-22,GBP,AUD,1.9187,2026-01-22T13:56:00Z
2026-01-23,GBP,USD,1.2651,2026-01-23T05:59:00Z
2026-01-23,GBP,EUR,1.1837,2026-01-23T08:35:00Z
2026-01-23,GBP,CAD,1.7034,2026-01-23T02:18:00Z
2026-01-23,GBP,AUD,1.9278,2026-01-23T11:14:00Z
2026-01-24,GBP,USD,1.2734,2026-01-24T14:32:00Z
2026-01-24,GBP,EUR,1.1748,2026-01-24T13:28:00Z
2026-01-24,GBP,CAD,1.7187,2026-01-24T13:23:00Z
2026-01-24,GBP,AUD,1.9422,2026-01-24T10:17:00Z
2026-01-25,GBP,USD,1.2653,2026-01-25T05:28:00Z
2026-01-25,GBP,EUR,1.1594,2026-01-25T20:04:00Z
2026-01-25,GBP,CAD,1.7144,2026-01-25T02:18:00Z
2026-01-25,GBP,AUD,1.9437,2026-01-25T16:34:00Z
2026-01-26,GBP,USD,1.2757,2026-01-26T08:59:00Z
2026-01-26,GBP,EUR,1.1591,2026-01-26T03:04:00Z
2026-01-26,GBP,CAD,1.7144,2026-01-26T17:12:00Z
2026-01-26,GBP,AUD,1.9234,2026-01-26T21:21:00Z
2026-01-27,GBP,USD,1.26,2026-01-27T23:52:00Z
2026-01-27,GBP,EUR,1.1807,2026-01-27T08:12:00Z
2026-01-27,GBP,CAD,1.7282,2026-01-27T04:54:00Z
2026-01-27,GBP,AUD,1.9401,2026-01-27T23:34:00Z
2026-01-28,GBP,USD,1.2865,2026-01-28T00:49:00Z
2026-01-28,GBP,EUR,1.162,2026-01-28T11:50:00Z
2026-01-28,GBP,CAD,1.7399,2026-01-28T12:52:00Z
2026-01-28,GBP,AUD,1.9332,2026-01-28T20:00:00Z
2026-01-29,GBP,USD,1.2689,2026-01-29T16:48:00Z
2026-01-29,GBP,EUR,1.1881,2026-01-29T12:14:00Z
2026-01-29,GBP,CAD,1.7091,2026-01-29T23:13:00Z
2026-01-29,GBP,AUD,1.929,2026-01-29T16:37:00Z
2026-01-30,GBP,USD,1.2814,2026-01-30T14:46:00Z
2026-01-30,GBP,EUR,1.1826,2026-01-30T10:50:00Z
2026-01-30,GBP,CAD,1.7034,2026-01-30T06:27:00Z
2026-01-30,GBP,AUD,1.9408,2026-01-30T22:26:00Z
2026-01-31,GBP,USD,1.2584,2026-01-31T14:54:00Z
2026-01-31,GBP,EUR,1.1723,2026-01-31T11:08:00Z
2026-01-31,GBP,CAD,1.7231,2026-01-31T04:19:00Z
2026-01-31,GBP,AUD,1.9477,2026-01-31T00:31:00Z
2026-02-01,GBP,USD,1.2824,2026-02-01T11:21:00Z
2026-02-01,GBP,EUR,1.159,2026-02-01T13:43:00Z
2026-02-01,GBP,CAD,1.7301,2026-02-01T22:34:00Z
2026-02-01,GBP,AUD,1.922,2026-02-01T18:01:00Z
2026-02-02,GBP,USD,1.2727,2026-02-02T01:59:00Z
2026-02-02,GBP,EUR,1.1556,2026-02-02T10:36:00Z
2026-02-02,GBP,CAD,1.7252,2026-02-02T19:58:00Z
2026-02-02,GBP,AUD,1.9343,2026-02-02T12:24:00Z
2026-02-03,GBP,USD,1.2582,2026-02-03T12:04:00Z
2026-02-03,GBP,EUR,1.1714,2026-02-03T06:30:00Z
2026-02-03,GBP,CAD,1.7043,2026-02-03T18:28:00Z
2026-02-03,GBP,AUD,1.9356,2026-02-03T09:05:00Z
2026-02-04,GBP,USD,1.2569,2026-02-04T21:35:00Z
2026-02-04,GBP,EUR,1.1571,2026-02-04T22:38:00Z
2026-02-04,GBP,CAD,1.7195,2026-02-04T05:12:00Z
2026-02-04,GBP,AUD,1.9128,2026-02-04T12:18:00Z
2026-02-05,GBP,USD,1.2582,2026-02-05T09:42:00Z
2026-02-05,GBP,EUR,1.171,2026-02-05T14:03:00Z
2026-02-05,GBP,CAD,1.7147,2026-02-05T00:10:00Z
2026-02-05,GBP,AUD,1.9231,2026-02-05T13:25:00Z
2026-02-06,GBP,USD,1.2563,2026-02-06T03:08:00Z
2026-02-06,GBP,EUR,1.1715,2026-02-06T15:47:00Z
2026-02-06,GBP,CAD,1.7028,2026-02-06T06:08:00Z
2026-02-06,GBP,AUD,1.9448,2026-02-06T09:27:00Z
2026-02-07,GBP,USD,1.2827,2026-02-07T21:30:00Z
2026-02-07,GBP,EUR,1.1564,2026-02-07T18:19:00Z
2026-02-07,GBP,CAD,1.7235,2026-02-07T16:45:00Z
2026-02-07,GBP,AUD,1.9374,2026-02-07T08:12:00Z
2026-02-08,GBP,USD,1.2503,2026-02-08T04:28:00Z
2026-02-08,GBP,EUR,1.1526,2026-02-08T12:38:00Z
2026-02-08,GBP,CAD,1.7323,2026-02-08T16:21:00Z
2026-02-08,GBP,AUD,1.9464,2026-02-08T15:29:00Z
2026-02-09,GBP,USD,1.2685,2026-02-09T01:47:00Z
2026-02-09,GBP,EUR,1.1536,2026-02-09T20:56:00Z
2026-02-09,GBP,CAD,1.7368,2026-02-09T11:44:00Z
2026-02-09,GBP,AUD,1.9437,2026-02-09T09:25:00Z
2026-02-10,GBP,USD,1.2745,2026-02-10T05:26:00Z
2026-02-10,GBP,EUR,1.16,2026-02-10T19:46:00Z
2026-02-10,GBP,CAD,1.7173,2026-02-10T12:58:00Z
2026-02-10,GBP,AUD,1.9364,2026-02-10T22:36:00Z
2026-02-11,GBP,USD,1.2538,2026-02-11T22:02:00Z
2026-02-11,GBP,EUR,1.1596,2026-02-11T05:17:00Z
2026-02-11,GBP,CAD,1.7353,2026-02-11T17:18:00Z
2026-02-11,GBP,AUD,1.9367,2026-02-11T02:44:00Z
2026-02-12,GBP,USD,1.2791,2026-02-12T06:58:00Z
2026-02-12,GBP,EUR,1.1697,2026-02-12T17:07:00Z
2026-02-12,GBP,CAD,1.7398,2026-02-12T02:48:00Z
2026-02-12,GBP,AUD,1.9142,2026-02-12T10:26:00Z
2026-02-13,GBP,USD,1.268,2026-02-13T08:13:00Z
2026-02-13,GBP,EUR,1.1702,2026-02-13T14:01:00Z
2026-02-13,GBP,CAD,1.7029,2026-02-13T22:43:00Z
2026-02-13,GBP,AUD,1.94,2026-02-13T12:21:00Z
2026-02-14,GBP,USD,1.2798,2026-02-14T06:25:00Z
2026-02-14,GBP,EUR,1.1515,2026-02-14T08:07:00Z
2026-02-14,GBP,CAD,1.7284,2026-02-14T04:20:00Z
2026-02-14,GBP,AUD,1.9368,2026-02-14T14:31:00Z
2026-02-15,GBP,USD,1.2685,2026-02-15T02:35:00Z
2026-02-15,GBP,EUR,1.1763,2026-02-15T22:28:00Z
2026-02-15,GBP,CAD,1.7056,2026-02-15T08:53:00Z
2026-02-15,GBP,AUD,1.9165,2026-02-15T00:38:00Z
2026-02-16,GBP,USD,1.254,2026-02-16T09:07:00Z
2026-02-16,GBP,EUR,1.1714,2026-02-16T12:10:00Z
2026-02-16,GBP,CAD,1.7031,2026-02-16T00:43:00Z
2026-02-16,GBP,AUD,1.9209,2026-02-16T14:22:00Z
2026-02-17,GBP,USD,1.2571,2026-02-17T22:02:00Z
2026-02-17,GBP,EUR,1.1857,2026-02-17T17:13:00Z
2026-02-17,GBP,CAD,1.7177,2026-02-17T01:53:00Z
2026-02-17,GBP,AUD,1.9354,2026-02-17T16:41:00Z
2026-02-18,GBP,USD,1.2765,2026-02-18T21:57:00Z
2026-02-18,GBP,EUR,1.1541,2026-02-18T22:19:00Z
2026-02-18,GBP,CAD,1.7178,2026-02-18T19:00:00Z
2026-02-18,GBP,AUD,1.9119,2026-02-18T12:49:00Z
2026-02-19,GBP,USD,1.2581,2026-02-19T07:23:00Z
2026-02-19,GBP,EUR,1.1864,2026-02-19T06:05:00Z
2026-02-19,GBP,CAD,1.7006,2026-02-19T00:00:00Z
2026-02-19,GBP,AUD,1.9235,2026-02-19T06:43:00Z
2026-02-20,GBP,USD,1.2768,2026-02-20T07:56:00Z
2026-02-20,GBP,EUR,1.1539,2026-02-20T21:10:00Z
2026-02-20,GBP,CAD,1.729,2026-02-20T01:26:00Z
2026-02-20,GBP,AUD,1.9305,2026-02-20T10:20:00Z
2026-02-21,GBP,USD,1.2725,2026-02-21T06:39:00Z
2026-02-21,GBP,EUR,1.1583,2026-02-21T17:25:00Z
2026-02-21,GBP,CAD,1.7376,2026-02-21T03:14:00Z
2026-02-21,GBP,AUD,1.9186,2026-02-21T11:20:00Z
2026-02-22,GBP,USD,1.2569,2026-02-22T12:41:00Z
2026-02-22,GBP,EUR,1.1626,2026-02-22T12:13:00Z
2026-02-22,GBP,CAD,1.7184,2026-02-22T02:42:00Z
2026-02-22,GBP,AUD,1.9426,2026-02-22T20:39:00Z
2026-02-23,GBP,USD,1.2648,2026-02-23T02:56:00Z
2026-02-23,GBP,EUR,1.1587,2026-02-23T09:49:00Z
2026-02-23,GBP,CAD,1.724,2026-02-23T03:45:00Z
2026-02-23,GBP,AUD,1.9314,2026-02-23T18:10:00Z
2026-02-24,GBP,USD,1.2601,2026-02-24T03:38:00Z
2026-02-24,GBP,EUR,1.163,2026-02-24T20:44:00Z
2026-02-24,GBP,CAD,1.7155,2026-02-24T22:08:00Z
2026-02-24,GBP,AUD,1.9233,2026-02-24T20:48:00Z
2026-02-25,GBP,USD,1.2854,2026-02-25T10:54:00Z
2026-02-25,GBP,EUR,1.1767,2026-02-25T02:21:00Z
2026-02-25,GBP,CAD,1.7007,2026-02-25T18:28:00Z
2026-02-25,GBP,AUD,1.9253,2026-02-25T20:47:00Z
2026-02-26,GBP,USD,1.2593,2026-02-26T18:45:00Z
2026-02-26,GBP,EUR,1.1895,2026-02-26T07:01:00Z
2026-02-26,GBP,CAD,1.7247,2026-02-26T03:19:00Z
2026-02-26,GBP,AUD,1.9195,2026-02-26T13:48:00Z
2026-02-27,GBP,USD,1.2597,2026-02-27T02:03:00Z
2026-02-27,GBP,EUR,1.1555,2026-02-27T15:18:00Z
2026-02-27,GBP,CAD,1.7081,2026-02-27T12:13:00Z
2026-02-27,GBP,AUD,1.9357,2026-02-27T07:59:00Z
2026-02-28,GBP,USD,1.279,2026-02-28T14:47:00Z
2026-02-28,GBP,EUR,1.1851,2026-02-28T04:17:00Z
2026-02-28,GBP,CAD,1.7127,2026-02-28T01:33:00Z
2026-02-28,GBP,AUD,1.9417,2026-02-28T13:41:00Z
2026-03-01,GBP,USD,1.2825,2026-03-01T00:14:00Z
2026-03-01,GBP,EUR,1.1839,2026-03-01T10:21:00Z
2026-03-01,GBP,CAD,1.7097,2026-03-01T17:03:00Z
2026-03-01,GBP,AUD,1.9463,2026-03-01T21:15:00Z
2026-03-02,GBP,USD,1.2821,2026-03-02T22:46:00Z
2026-03-02,GBP,EUR,1.1589,2026-03-02T12:33:00Z
2026-03-02,GBP,CAD,1.7129,2026-03-02T14:40:00Z
2026-03-02,GBP,AUD,1.9102,2026-03-02T15:04:00Z
2026-03-03,GBP,USD,1.2881,2026-03-03T01:40:00Z
2026-03-03,GBP,EUR,1.1897,2026-03-03T06:08:00Z
2026-03-03,GBP,CAD,1.7037,2026-03-03T18:35:00Z
2026-03-03,GBP,AUD,1.9432,2026-03-03T06:15:00Z
2026-03-04,GBP,USD,1.2703,2026-03-04T13:46:00Z
2026-03-04,GBP,EUR,1.1687,2026-03-04T05:46:00Z
2026-03-04,GBP,CAD,1.7079,2026-03-04T13:11:00Z
2026-03-04,GBP,AUD,1.9342,2026-03-04T09:18:00Z
2026-03-05,GBP,USD,1.2731,2026-03-05T20:12:00Z
2026-03-05,GBP,EUR,1.1609,2026-03-05T15:05:00Z
2026-03-05,GBP,CAD,1.738,2026-03-05T11:25:00Z
2026-03-05,GBP,AUD,1.9251,2026-03-05T15:28:00Z
2026-03-06,GBP,USD,1.2669,2026-03-06T19:47:00Z
2026-03-06,GBP,EUR,1.1673,2026-03-06T04:52:00Z
2026-03-06,GBP,CAD,1.7382,2026-03-06T15:01:00Z
2026-03-06,GBP,AUD,1.9405,2026-03-06T13:54:00Z
2026-03-07,GBP,USD,1.2533,2026-03-07T09:38:00Z
2026-03-07,GBP,EUR,1.1715,2026-03-07T17:46:00Z
2026-03-07,GBP,CAD,1.707,2026-03-07T12:29:00Z
2026-03-07,GBP,AUD,1.9222,2026-03-07T09:24:00Z
2026-03-08,GBP,USD,1.2725,2026-03-08T15:04:00Z
2026-03-08,GBP,EUR,1.1633,2026-03-08T22:30:00Z
2026-03-08,GBP,CAD,1.7078,2026-03-08T06:00:00Z
2026-03-08,GBP,AUD,1.9105,2026-03-08T16:46:00Z
2026-03-09,GBP,USD,1.279,2026-03-09T15:25:00Z
2026-03-09,GBP,EUR,1.187,2026-03-09T12:47:00Z
2026-03-09,GBP,CAD,1.7149,2026-03-09T15:19:00Z
2026-03-09,GBP,AUD,1.9356,2026-03-09T18:04:00Z
2026-03-10,GBP,USD,1.2664,2026-03-10T01:58:00Z
2026-03-10,GBP,EUR,1.155,2026-03-10T18:10:00Z
2026-03-10,GBP,CAD,1.7078,2026-03-10T13:16:00Z
2026-03-10,GBP,AUD,1.9409,2026-03-10T23:22:00Z
2026-03-11,GBP,USD,1.2704,2026-03-11T15:40:00Z
2026-03-11,GBP,EUR,1.1775,2026-03-11T22:03:00Z
2026-03-11,GBP,CAD,1.726,2026-03-11T13:47:00Z
2026-03-11,GBP,AUD,1.9199,2026-03-11T15:02:00Z
2026-03-12,GBP,USD,1.2869,2026-03-12T11:40:00Z
2026-03-12,GBP,EUR,1.1783,2026-03-12T00:44:00Z
2026-03-12,GBP,CAD,1.7266,2026-03-12T04:16:00Z
2026-03-12,GBP,AUD,1.9342,2026-03-12T21:09:00Z
2026-03-13,GBP,USD,1.2602,2026-03-13T19:37:00Z
2026-03-13,GBP,EUR,1.1881,2026-03-13T05:00:00Z
2026-03-13,GBP,CAD,1.7047,2026-03-13T02:41:00Z
2026-03-13,GBP,AUD,1.9385,2026-03-13T12:25:00Z
2026-03-14,GBP,USD,1.2782,2026-03-14T02:33:00Z
2026-03-14,GBP,EUR,1.1864,2026-03-14T13:10:00Z
2026-03-14,GBP,CAD,1.7332,2026-03-14T08:44:00Z
2026-03-14,GBP,AUD,1.9221,2026-03-14T17:42:00Z
2026-03-15,GBP,USD,1.2855,2026-03-15T18:19:00Z
2026-03-15,GBP,EUR,1.1794,2026-03-15T23:55:00Z
2026-03-15,GBP,CAD,1.7036,2026-03-15T20:36:00Z
2026-03-15,GBP,AUD,1.9411,2026-03-15T11:52:00Z
2026-03-16,GBP,USD,1.2557,2026-03-16T23:13:00Z
2026-03-16,GBP,EUR,1.1872,2026-03-16T12:44:00Z
2026-03-16,GBP,CAD,1.7123,2026-03-16T05:52:00Z
2026-03-16,GBP,AUD,1.9297,2026-03-16T03:04:00Z
2026-03-17,GBP,USD,1.2809,2026-03-17T13:33:00Z
2026-03-17,GBP,EUR,1.1667,2026-03-17T09:46:00Z
2026-03-17,GBP,CAD,1.7172,2026-03-17T05:23:00Z
2026-03-17,GBP,AUD,1.9175,2026-03-17T04:12:00Z
2026-03-18,GBP,USD,1.2695,2026-03-18T16:07:00Z
2026-03-18,GBP,EUR,1.168,2026-03-18T06:11:00Z
2026-03-18,GBP,CAD,1.708,2026-03-18T23:11:00Z
2026-03-18,GBP,AUD,1.9424,2026-03-18T06:16:00Z
2026-03-19,GBP,USD,1.2893,2026-03-19T13:28:00Z
2026-03-19,GBP,EUR,1.1751,2026-03-19T19:06:00Z
2026-03-19,GBP,CAD,1.7347,2026-03-19T05:05:00Z
2026-03-19,GBP,AUD,1.9217,2026-03-19T12:07:00Z
2026-03-20,GBP,USD,1.2611,2026-03-20T10:01:00Z
2026-03-20,GBP,EUR,1.1734,2026-03-20T15:31:00Z
2026-03-20,GBP,CAD,1.7269,2026-03-20T03:00:00Z
2026-03-20,GBP,AUD,1.9124,2026-03-20T00:42:00Z
2026-03-21,GBP,USD,1.2733,2026-03-21T01:06:00Z
2026-03-21,GBP,EUR,1.1584,2026-03-21T00:24:00Z
2026-03-21,GBP,CAD,1.7241,2026-03-21T08:59:00Z
2026-03-21,GBP,AUD,1.9294,2026-03-21T10:38:00Z
2026-03-22,GBP,USD,1.2672,2026-03-22T11:43:00Z
2026-03-22,GBP,EUR,1.1856,2026-03-22T10:52:00Z
2026-03-22,GBP,CAD,1.7096,2026-03-22T11:42:00Z
2026-03-22,GBP,AUD,1.9259,2026-03-22T19:03:00Z
2026-03-23,GBP,USD,1.289,2026-03-23T10:51:00Z
2026-03-23,GBP,EUR,1.154,2026-03-23T14:55:00Z
2026-03-23,GBP,CAD,1.7279,2026-03-23T23:53:00Z
2026-03-23,GBP,AUD,1.9455,2026-03-23T04:01:00Z
2026-03-24,GBP,USD,1.2741,2026-03-24T16:17:00Z
2026-03-24,GBP,EUR,1.188,2026-03-24T07:23:00Z
2026-03-24,GBP,CAD,1.7181,2026-03-24T21:42:00Z
2026-03-24,GBP,AUD,1.9448,2026-03-24T16:26:00Z
2026-03-25,GBP,USD,1.2764,2026-03-25T00:40:00Z
2026-03-25,GBP,EUR,1.1883,2026-03-25T10:01:00Z
2026-03-25,GBP,CAD,1.7254,2026-03-25T01:51:00Z
2026-03-25,GBP,AUD,1.9394,2026-03-25T21:28:00Z
2026-03-26,GBP,USD,1.2593,2026-03-26T15:25:00Z
2026-03-26,GBP,EUR,1.1796,2026-03-26T02:22:00Z
2026-03-26,GBP,CAD,1.7171,2026-03-26T15:42:00Z
2026-03-26,GBP,AUD,1.9443,2026-03-26T03:46:00Z
2026-03-27,GBP,USD,1.2654,2026-03-27T19:12:00Z
2026-03-27,GBP,EUR,1.1785,2026-03-27T16:56:00Z
2026-03-27,GBP,CAD,1.7229,2026-03-27T22:32:00Z
2026-03-27,GBP,AUD,1.9113,2026-03-27T15:50:00Z
2026-03-28,GBP,USD,1.2535,2026-03-28T21:35:00Z
2026-03-28,GBP,EUR,1.1895,2026-03-28T14:10:00Z
2026-03-28,GBP,CAD,1.7359,2026-03-28T03:30:00Z
2026-03-28,GBP,AUD,1.9365,2026-03-28T07:15:00Z
2026-03-29,GBP,USD,1.2585,2026-03-29T21:44:00Z
2026-03-29,GBP,EUR,1.1536,2026-03-29T13:45:00Z
2026-03-29,GBP,CAD,1.7012,2026-03-29T10:57:00Z
2026-03-29,GBP,AUD,1.9253,2026-03-29T08:14:00Z
2026-03-30,GBP,USD,1.2788,2026-03-30T21:30:00Z
2026-03-30,GBP,EUR,1.1881,2026-03-30T21:07:00Z
2026-03-30,GBP,CAD,1.7266,2026-03-30T17:40:00Z
2026-03-30,GBP,AUD,1.939,2026-03-30T02:50:00Z
2026-03-31,GBP,USD,1.2777,2026-03-31T07:59:00Z
2026-03-31,GBP,EUR,1.173,2026-03-31T19:04:00Z
2026-03-31,GBP,CAD,1.7258,2026-03-31T12:58:00Z
2026-03-31,GBP,AUD,1.9387,2026-03-31T23:46:00Z
2026-04-01,GBP,USD,1.2653,2026-04-01T20:50:00Z
2026-04-01,GBP,EUR,1.1725,2026-04-01T13:51:00Z
2026-04-01,GBP,CAD,1.7093,2026-04-01T08:07:00Z
2026-04-01,GBP,AUD,1.9216,2026-04-01T03:05:00Z
2026-04-02,GBP,USD,1.2636,2026-04-02T18:59:00Z
2026-04-02,GBP,EUR,1.1575,2026-04-02T03:36:00Z
2026-04-02,GBP,CAD,1.7147,2026-04-02T10:24:00Z
2026-04-02,GBP,AUD,1.9331,2026-04-02T00:19:00Z
2026-04-03,GBP,USD,1.2525,2026-04-03T17:12:00Z
2026-04-03,GBP,EUR,1.1839,2026-04-03T13:20:00Z
2026-04-03,GBP,CAD,1.7309,2026-04-03T21:59:00Z
2026-04-03,GBP,AUD,1.9419,2026-04-03T16:42:00Z
2026-04-04,GBP,USD,1.2741,2026-04-04T07:06:00Z
2026-04-04,GBP,EUR,1.1658,2026-04-04T17:54:00Z
2026-04-04,GBP,CAD,1.7184,2026-04-04T04:52:00Z
2026-04-04,GBP,AUD,1.9477,2026-04-04T07:31:00Z
2026-04-05,GBP,USD,1.2772,2026-04-05T04:38:00Z
2026-04-05,GBP,EUR,1.1613,2026-04-05T23:42:00Z
2026-04-05,GBP,CAD,1.734,2026-04-05T22:02:00Z
2026-04-05,GBP,AUD,1.934,2026-04-05T09:32:00Z
2026-04-06,GBP,USD,1.2896,2026-04-06T03:17:00Z
2026-04-06,GBP,EUR,1.1899,2026-04-06T22:36:00Z
2026-04-06,GBP,CAD,1.7191,2026-04-06T06:31:00Z
2026-04-06,GBP,AUD,1.9217,2026-04-06T12:03:00Z
2026-04-07,GBP,USD,1.2892,2026-04-07T10:09:00Z
2026-04-07,GBP,EUR,1.1831,2026-04-07T06:54:00Z
2026-04-07,GBP,CAD,1.7293,2026-04-07T07:44:00Z
2026-04-07,GBP,AUD,1.9394,2026-04-07T05:54:00Z
2026-04-08,GBP,USD,1.2695,2026-04-08T12:19:00Z
2026-04-08,GBP,EUR,1.1894,2026-04-08T21:58:00Z
2026-04-08,GBP,CAD,1.7339,2026-04-08T00:35:00Z
2026-04-08,GBP,AUD,1.9257,2026-04-08T13:43:00Z
2026-04-09,GBP,USD,1.2689,2026-04-09T11:48:00Z
2026-04-09,GBP,EUR,1.1657,2026-04-09T02:33:00Z
2026-04-09,GBP,CAD,1.7291,2026-04-09T09:44:00Z
2026-04-09,GBP,AUD,1.9469,2026-04-09T22:54:00Z
2026-04-10,GBP,USD,1.2719,2026-04-10T03:08:00Z
2026-04-10,GBP,EUR,1.1629,2026-04-10T18:55:00Z
2026-04-10,GBP,CAD,1.7322,2026-04-10T22:19:00Z
2026-04-10,GBP,AUD,1.9283,2026-04-10T05:36:00Z
2026-04-11,GBP,USD,1.2555,2026-04-11T22:30:00Z
2026-04-11,GBP,EUR,1.1616,2026-04-11T04:13:00Z
2026-04-11,GBP,CAD,1.7087,2026-04-11T23:12:00Z
2026-04-11,GBP,AUD,1.9394,2026-04-11T00:23:00Z
2026-04-12,GBP,USD,1.279,2026-04-12T18:06:00Z
2026-04-12,GBP,EUR,1.1771,2026-04-12T04:24:00Z
2026-04-12,GBP,CAD,1.738,2026-04-12T13:43:00Z
2026-04-12,GBP,AUD,1.9437,2026-04-12T01:06:00Z
2026-04-13,GBP,USD,1.2642,2026-04-13T15:11:00Z
2026-04-13,GBP,EUR,1.1878,2026-04-13T03:32:00Z
2026-04-13,GBP,CAD,1.726,2026-04-13T18:27:00Z
2026-04-13,GBP,AUD,1.9488,2026-04-13T20:46:00Z
2026-04-14,GBP,USD,1.2662,2026-04-14T01:07:00Z
2026-04-14,GBP,EUR,1.1596,2026-04-14T15:19:00Z
2026-04-14,GBP,CAD,1.7275,2026-04-14T05:41:00Z
2026-04-14,GBP,AUD,1.9398,2026-04-14T22:50:00Z
2026-04-15,GBP,USD,1.2768,2026-04-15T02:49:00Z
2026-04-15,GBP,EUR,1.1685,2026-04-15T20:24:00Z
2026-04-15,GBP,CAD,1.711,2026-04-15T20:28:00Z
2026-04-15,GBP,AUD,1.9247,2026-04-15T03:07:00Z
2026-04-16,GBP,USD,1.2533,2026-04-16T15:41:00Z
2026-04-16,GBP,EUR,1.1768,2026-04-16T16:14:00Z
2026-04-16,GBP,CAD,1.7009,2026-04-16T18:36:00Z
2026-04-16,GBP,AUD,1.9292,2026-04-16T22:47:00Z
2026-04-17,GBP,USD,1.2538,2026-04-17T18:11:00Z
2026-04-17,GBP,EUR,1.1654,2026-04-17T20:44:00Z
2026-04-17,GBP,CAD,1.7173,2026-04-17T18:08:00Z
2026-04-17,GBP,AUD,1.914,2026-04-17T02:45:00Z
2026-04-18,GBP,USD,1.2864,2026-04-18T17:11:00Z
2026-04-18,GBP,EUR,1.1662,2026-04-18T22:01:00Z
2026-04-18,GBP,CAD,1.7158,2026-04-18T17:50:00Z
2026-04-18,GBP,AUD,1.9425,2026-04-18T15:04:00Z
2026-04-19,GBP,USD,1.2708,2026-04-19T18:34:00Z
2026-04-19,GBP,EUR,1.1785,2026-04-19T20:07:00Z
2026-04-19,GBP,CAD,1.7301,2026-04-19T06:42:00Z
2026-04-19,GBP,AUD,1.9459,2026-04-19T05:55:00Z
2026-04-20,GBP,USD,1.274,2026-04-20T05:00:00Z
2026-04-20,GBP,EUR,1.1722,2026-04-20T10:07:00Z
2026-04-20,GBP,CAD,1.7016,2026-04-20T18:13:00Z
2026-04-20,GBP,AUD,1.9361,2026-04-20T02:35:00Z
2026-04-21,GBP,USD,1.2603,2026-04-21T01:05:00Z
2026-04-21,GBP,EUR,1.1892,2026-04-21T16:19:00Z
2026-04-21,GBP,CAD,1.7145,2026-04-21T17:10:00Z
2026-04-21,GBP,AUD,1.9269,2026-04-21T21:00:00Z
2026-04-22,GBP,USD,1.2599,2026-04-22T01:33:00Z
2026-04-22,GBP,EUR,1.1862,2026-04-22T09:42:00Z
2026-04-22,GBP,CAD,1.7214,2026-04-22T04:36:00Z
2026-04-22,GBP,AUD,1.9296,2026-04-22T10:33:00Z
2026-04-23,GBP,USD,1.2864,2026-04-23T11:38:00Z
2026-04-23,GBP,EUR,1.1715,2026-04-23T06:44:00Z
2026-04-23,GBP,CAD,1.704,2026-04-23T01:15:00Z
2026-04-23,GBP,AUD,1.9115,2026-04-23T04:19:00Z
2026-04-24,GBP,USD,1.2842,2026-04-24T06:08:00Z
2026-04-24,GBP,EUR,1.1741,2026-04-24T06:37:00Z
2026-04-24,GBP,CAD,1.7144,2026-04-24T04:46:00Z
2026-04-24,GBP,AUD,1.9349,2026-04-24T02:35:00Z
2026-04-25,GBP,USD,1.2602,2026-04-25T12:41:00Z
2026-04-25,GBP,EUR,1.1861,2026-04-25T12:29:00Z
2026-04-25,GBP,CAD,1.7033,2026-04-25T08:43:00Z
2026-04-25,GBP,AUD,1.927,2026-04-25T22:09:00Z
2026-04-26,GBP,USD,1.2714,2026-04-26T02:40:00Z
2026-04-26,GBP,EUR,1.1793,2026-04-26T20:44:00Z
2026-04-26,GBP,CAD,1.7258,2026-04-26T22:23:00Z
2026-04-26,GBP,AUD,1.9325,2026-04-26T20:52:00Z
2026-04-27,GBP,USD,1.2705,2026-04-27T05:26:00Z
2026-04-27,GBP,EUR,1.1829,2026-04-27T10:50:00Z
2026-04-27,GBP,CAD,1.7173,2026-04-27T00:38:00Z
2026-04-27,GBP,AUD,1.9199,2026-04-27T08:07:00Z
2026-04-28,GBP,USD,1.2713,2026-04-28T21:35:00Z
2026-04-28,GBP,EUR,1.1663,2026-04-28T10:40:00Z
2026-04-28,GBP,CAD,1.7036,2026-04-28T10:49:00Z
2026-04-28,GBP,AUD,1.9209,2026-04-28T07:17:00Z
2026-04-29,GBP,USD,1.2504,2026-04-29T12:14:00Z
2026-04-29,GBP,EUR,1.1651,2026-04-29T03:50:00Z
2026-04-29,GBP,CAD,1.737,2026-04-29T05:33:00Z
2026-04-29,GBP,AUD,1.9391,2026-04-29T09:37:00Z
2026-04-30,GBP,USD,1.2829,2026-04-30T15:06:00Z
2026-04-30,GBP,EUR,1.1712,2026-04-30T22:36:00Z
2026-04-30,GBP,CAD,1.7346,2026-04-30T17:17:00Z
2026-04-30,GBP,AUD,1.9343,2026-04-30T01:10:00Z
2026-05-01,GBP,USD,1.2627,2026-05-01T12:11:00Z
2026-05-01,GBP,EUR,1.1638,2026-05-01T23:43:00Z
2026-05-01,GBP,CAD,1.7387,2026-05-01T17:35:00Z
2026-05-01,GBP,AUD,1.9338,2026-05-01T12:30:00Z
2026-05-02,GBP,USD,1.2737,2026-05-02T08:00:00Z
2026-05-02,GBP,EUR,1.1775,2026-05-02T22:09:00Z
2026-05-02,GBP,CAD,1.7263,2026-05-02T04:24:00Z
2026-05-02,GBP,AUD,1.9327,2026-05-02T08:03:00Z
2026-05-03,GBP,USD,1.2867,2026-05-03T20:23:00Z
2026-05-03,GBP,EUR,1.1783,2026-05-03T07:43:00Z
2026-05-03,GBP,CAD,1.7243,2026-05-03T22:29:00Z
2026-05-03,GBP,AUD,1.9173,2026-05-03T11:51:00Z
2026-05-04,GBP,USD,1.2687,2026-05-04T09:17:00Z
2026-05-04,GBP,EUR,1.1881,2026-05-04T16:45:00Z
2026-05-04,GBP,CAD,1.7353,2026-05-04T07:19:00Z
2026-05-04,GBP,AUD,1.9354,2026-05-04T02:19:00Z
2026-05-05,GBP,USD,1.2663,2026-05-05T10:54:00Z
2026-05-05,GBP,EUR,1.1536,2026-05-05T02:04:00Z
2026-05-05,GBP,CAD,1.7292,2026-05-05T02:10:00Z
2026-05-05,GBP,AUD,1.933,2026-05-05T02:47:00Z
2026-05-06,GBP,USD,1.2614,2026-05-06T15:51:00Z
2026-05-06,GBP,EUR,1.185,2026-05-06T13:43:00Z
2026-05-06,GBP,CAD,1.7203,2026-05-06T23:08:00Z
2026-05-06,GBP,AUD,1.9292,2026-05-06T16:43:00Z
2026-05-07,GBP,USD,1.2899,2026-05-07T17:44:00Z
2026-05-07,GBP,EUR,1.155,2026-05-07T00:39:00Z
2026-05-07,GBP,CAD,1.7076,2026-05-07T23:00:00Z
2026-05-07,GBP,AUD,1.9386,2026-05-07T22:34:00Z
2026-05-08,GBP,USD,1.28,2026-05-08T07:47:00Z
2026-05-08,GBP,EUR,1.1764,2026-05-08T16:43:00Z
2026-05-08,GBP,CAD,1.7244,2026-05-08T19:28:00Z
2026-05-08,GBP,AUD,1.9486,2026-05-08T21:59:00Z
2026-05-09,GBP,USD,1.2853,2026-05-09T16:57:00Z
2026-05-09,GBP,EUR,1.159,2026-05-09T02:23:00Z
2026-05-09,GBP,CAD,1.7336,2026-05-09T16:22:00Z
2026-05-09,GBP,AUD,1.9481,2026-05-09T13:31:00Z
2026-05-10,GBP,USD,1.2652,2026-05-10T11:07:00Z
2026-05-10,GBP,EUR,1.1635,2026-05-10T21:15:00Z
2026-05-10,GBP,CAD,1.7333,2026-05-10T03:18:00Z
2026-05-10,GBP,AUD,1.922,2026-05-10T09:16:00Z
2026-05-11,GBP,USD,1.2585,2026-05-11T23:40:00Z
2026-05-11,GBP,EUR,1.1728,2026-05-11T06:59:00Z
2026-05-11,GBP,CAD,1.7122,2026-05-11T20:32:00Z
2026-05-11,GBP,AUD,1.943,2026-05-11T01:59:00Z
2026-05-12,GBP,USD,1.2685,2026-05-12T19:54:00Z
2026-05-12,GBP,EUR,1.1695,2026-05-12T11:00:00Z
2026-05-12,GBP,CAD,1.7246,2026-05-12T10:19:00Z
2026-05-12,GBP,AUD,1.9242,2026-05-12T00:22:00Z
2026-05-13,GBP,USD,1.2856,2026-05-13T05:25:00Z
2026-05-13,GBP,EUR,1.1642,2026-05-13T03:27:00Z
2026-05-13,GBP,CAD,1.7197,2026-05-13T02:33:00Z
2026-05-13,GBP,AUD,1.9306,2026-05-13T04:26:00Z
2026-05-14,GBP,USD,1.255,2026-05-14T15:00:00Z
2026-05-14,GBP,EUR,1.1562,2026-05-14T21:16:00Z
2026-05-14,GBP,CAD,1.709,2026-05-14T12:23:00Z
2026-05-14,GBP,AUD,1.922,2026-05-14T13:57:00Z
2026-05-15,GBP,USD,1.2573,2026-05-15T08:06:00Z
2026-05-15,GBP,EUR,1.1896,2026-05-15T21:53:00Z
2026-05-15,GBP,CAD,1.7176,2026-05-15T04:22:00Z
2026-05-15,GBP,AUD,1.9399,2026-05-15T00:22:00Z
2026-05-16,GBP,USD,1.2853,2026-05-16T22:12:00Z
2026-05-16,GBP,EUR,1.1544,2026-05-16T09:02:00Z
2026-05-16,GBP,CAD,1.7053,2026-05-16T13:47:00Z
2026-05-16,GBP,AUD,1.9232,2026-05-16T01:10:00Z
2026-05-17,GBP,USD,1.2766,2026-05-17T15:42:00Z
2026-05-17,GBP,EUR,1.1893,2026-05-17T03:26:00Z
2026-05-17,GBP,CAD,1.7196,2026-05-17T15:51:00Z
2026-05-17,GBP,AUD,1.9373,2026-05-17T04:20:00Z
2026-05-18,GBP,USD,1.28,2026-05-18T12:32:00Z
2026-05-18,GBP,EUR,1.179,2026-05-18T23:53:00Z
2026-05-18,GBP,CAD,1.733,2026-05-18T04:07:00Z
2026-05-18,GBP,AUD,1.9483,2026-05-18T00:08:00Z
2026-05-19,GBP,USD,1.2562,2026-05-19T16:00:00Z
2026-05-19,GBP,EUR,1.1807,2026-05-19T07:03:00Z
2026-05-19,GBP,CAD,1.7271,2026-05-19T10:27:00Z
2026-05-19,GBP,AUD,1.9491,2026-05-19T23:00:00Z
2026-05-20,GBP,USD,1.2674,2026-05-20T09:18:00Z
2026-05-20,GBP,EUR,1.1694,2026-05-20T13:15:00Z
2026-05-20,GBP,CAD,1.7247,2026-05-20T23:32:00Z
2026-05-20,GBP,AUD,1.9175,2026-05-20T08:49:00Z
2026-05-21,GBP,USD,1.2546,2026-05-21T08:44:00Z
2026-05-21,GBP,EUR,1.1599,2026-05-21T13:12:00Z
2026-05-21,GBP,CAD,1.719,2026-05-21T03:44:00Z
2026-05-21,GBP,AUD,1.9392,2026-05-21T19:11:00Z
2026-05-22,GBP,USD,1.2575,2026-05-22T18:40:00Z
2026-05-22,GBP,EUR,1.1754,2026-05-22T07:07:00Z
2026-05-22,GBP,CAD,1.7053,2026-05-22T01:17:00Z
2026-05-22,GBP,AUD,1.9496,2026-05-22T04:27:00Z
2026-05-23,GBP,USD,1.2507,2026-05-23T06:05:00Z
2026-05-23,GBP,EUR,1.1846,2026-05-23T12:26:00Z
2026-05-23,GBP,CAD,1.721,2026-05-23T22:40:00Z
2026-05-23,GBP,AUD,1.9492,2026-05-23T07:21:00Z
2026-05-24,GBP,USD,1.267,2026-05-24T01:32:00Z
2026-05-24,GBP,EUR,1.1671,2026-05-24T01:19:00Z
2026-05-24,GBP,CAD,1.7044,2026-05-24T11:17:00Z
2026-05-24,GBP,AUD,1.9477,2026-05-24T22:26:00Z
2026-05-25,GBP,USD,1.2599,2026-05-25T01:11:00Z
2026-05-25,GBP,EUR,1.1516,2026-05-25T01:42:00Z
2026-05-25,GBP,CAD,1.7298,2026-05-25T06:18:00Z
2026-05-25,GBP,AUD,1.9289,2026-05-25T19:06:00Z
2026-05-26,GBP,USD,1.2672,2026-05-26T08:31:00Z
2026-05-26,GBP,EUR,1.1645,2026-05-26T09:07:00Z
2026-05-26,GBP,CAD,1.7039,2026-05-26T00:43:00Z
2026-05-26,GBP,AUD,1.9321,2026-05-26T04:21:00Z
2026-05-27,GBP,USD,1.2644,2026-05-27T11:47:00Z
2026-05-27,GBP,EUR,1.1812,2026-05-27T16:38:00Z
2026-05-27,GBP,CAD,1.7149,2026-05-27T20:17:00Z
2026-05-27,GBP,AUD,1.9184,2026-05-27T12:05:00Z
2026-05-28,GBP,USD,1.2855,2026-05-28T04:40:00Z
2026-05-28,GBP,EUR,1.1797,2026-05-28T03:02:00Z
2026-05-28,GBP,CAD,1.7235,2026-05-28T20:52:00Z
2026-05-28,GBP,AUD,1.9176,2026-05-28T22:28:00Z
2026-05-29,GBP,USD,1.287,2026-05-29T02:34:00Z
2026-05-29,GBP,EUR,1.1748,2026-05-29T09:46:00Z
2026-05-29,GBP,CAD,1.719,2026-05-29T06:34:00Z
2026-05-29,GBP,AUD,1.9388,2026-05-29T01:08:00Z
2026-05-30,GBP,USD,1.2577,2026-05-30T17:45:00Z
2026-05-30,GBP,EUR,1.1601,2026-05-30T17:22:00Z
2026-05-30,GBP,CAD,1.7358,2026-05-30T14:40:00Z
2026-05-30,GBP,AUD,1.9387,2026-05-30T13:04:00Z
2026-05-31,GBP,USD,1.2693,2026-05-31T16:59:00Z
2026-05-31,GBP,EUR,1.1881,2026-05-31T00:10:00Z
2026-05-31,GBP,CAD,1.724,2026-05-31T22:08:00Z
2026-05-31,GBP,AUD,1.9216,2026-05-31T18:03:00Z
2026-06-01,GBP,USD,1.2818,2026-06-01T22:12:00Z
2026-06-01,GBP,EUR,1.1796,2026-06-01T12:31:00Z
2026-06-01,GBP,CAD,1.7274,2026-06-01T16:04:00Z
2026-06-01,GBP,AUD,1.9166,2026-06-01T16:24:00Z
2026-06-02,GBP,USD,1.2725,2026-06-02T12:25:00Z
2026-06-02,GBP,EUR,1.1743,2026-06-02T06:11:00Z
2026-06-02,GBP,CAD,1.7001,2026-06-02T18:13:00Z
2026-06-02,GBP,AUD,1.9337,2026-06-02T00:56:00Z
2026-06-03,GBP,USD,1.2871,2026-06-03T16:29:00Z
2026-06-03,GBP,EUR,1.1702,2026-06-03T23:33:00Z
2026-06-03,GBP,CAD,1.7104,2026-06-03T07:18:00Z
2026-06-03,GBP,AUD,1.9383,2026-06-03T17:07:00Z
2026-06-04,GBP,USD,1.2568,2026-06-04T01:34:00Z
2026-06-04,GBP,EUR,1.1595,2026-06-04T01:40:00Z
2026-06-04,GBP,CAD,1.7059,2026-06-04T08:59:00Z
2026-06-04,GBP,AUD,1.9153,2026-06-04T01:41:00Z
2026-06-05,GBP,USD,1.2892,2026-06-05T06:34:00Z
2026-06-05,GBP,EUR,1.1546,2026-06-05T20:22:00Z
2026-06-05,GBP,CAD,1.7253,2026-06-05T11:20:00Z
2026-06-05,GBP,AUD,1.9133,2026-06-05T22:56:00Z
2026-06-06,GBP,USD,1.272,2026-06-06T23:08:00Z
2026-06-06,GBP,EUR,1.1663,2026-06-06T19:18:00Z
2026-06-06,GBP,CAD,1.713,2026-06-06T01:40:00Z
2026-06-06,GBP,AUD,1.9426,2026-06-06T11:14:00Z
2026-06-07,GBP,USD,1.2792,2026-06-07T08:11:00Z
2026-06-07,GBP,EUR,1.1602,2026-06-07T00:34:00Z
2026-06-07,GBP,CAD,1.7263,2026-06-07T18:06:00Z
2026-06-07,GBP,AUD,1.9389,2026-06-07T22:24:00Z
2026-06-08,GBP,USD,1.2878,2026-06-08T08:55:00Z
2026-06-08,GBP,EUR,1.175,2026-06-08T19:35:00Z
2026-06-08,GBP,CAD,1.7082,2026-06-08T14:14:00Z
2026-06-08,GBP,AUD,1.923,2026-06-08T06:37:00Z
2026-06-09,GBP,USD,1.2752,2026-06-09T12:09:00Z
2026-06-09,GBP,EUR,1.1678,2026-06-09T23:46:00Z
2026-06-09,GBP,CAD,1.7174,2026-06-09T04:57:00Z
2026-06-09,GBP,AUD,1.9292,2026-06-09T15:11:00Z
2026-06-10,GBP,USD,1.2684,2026-06-10T05:12:00Z
2026-06-10,GBP,EUR,1.1728,2026-06-10T23:11:00Z
2026-06-10,GBP,CAD,1.7259,2026-06-10T00:19:00Z
2026-06-10,GBP,AUD,1.9165,2026-06-10T05:52:00Z
2026-06-11,GBP,USD,1.2658,2026-06-11T19:12:00Z
2026-06-11,GBP,EUR,1.1528,2026-06-11T02:27:00Z
2026-06-11,GBP,CAD,1.7098,2026-06-11T20:25:00Z
2026-06-11,GBP,AUD,1.914,2026-06-11T16:08:00Z
2026-06-12,GBP,USD,1.2791,2026-06-12T00:38:00Z
2026-06-12,GBP,EUR,1.154,2026-06-12T12:01:00Z
2026-06-12,GBP,CAD,1.7044,2026-06-12T00:48:00Z
2026-06-12,GBP,AUD,1.9432,2026-06-12T01:08:00Z
2026-06-13,GBP,USD,1.2599,2026-06-13T02:17:00Z
2026-06-13,GBP,EUR,1.1557,2026-06-13T20:38:00Z
2026-06-13,GBP,CAD,1.7005,2026-06-13T00:50:00Z
2026-06-13,GBP,AUD,1.9143,2026-06-13T23:52:00Z
2026-06-14,GBP,USD,1.2635,2026-06-14T22:05:00Z
2026-06-14,GBP,EUR,1.1581,2026-06-14T15:48:00Z
2026-06-14,GBP,CAD,1.7225,2026-06-14T14:52:00Z
2026-06-14,GBP,AUD,1.9165,2026-06-14T10:30:00Z
2026-06-15,GBP,USD,1.2562,2026-06-15T01:34:00Z
2026-06-15,GBP,EUR,1.1777,2026-06-15T20:34:00Z
2026-06-15,GBP,CAD,1.7049,2026-06-15T01:06:00Z
2026-06-15,GBP,AUD,1.9318,2026-06-15T03:32:00Z
2026-06-16,GBP,USD,1.2855,2026-06-16T13:09:00Z
2026-06-16,GBP,EUR,1.15,2026-06-16T07:01:00Z
2026-06-16,GBP,CAD,1.7091,2026-06-16T12:09:00Z
2026-06-16,GBP,AUD,1.9241,2026-06-16T09:14:00Z
2026-06-17,GBP,USD,1.2869,2026-06-17T21:24:00Z
2026-06-17,GBP,EUR,1.1775,2026-06-17T22:52:00Z
2026-06-17,GBP,CAD,1.7361,2026-06-17T15:10:00Z
2026-06-17,GBP,AUD,1.9496,2026-06-17T07:06:00Z
2026-06-18,GBP,USD,1.2883,2026-06-18T09:22:00Z
2026-06-18,GBP,EUR,1.1531,2026-06-18T10:07:00Z
2026-06-18,GBP,CAD,1.7144,2026-06-18T02:57:00Z
2026-06-18,GBP,AUD,1.9117,2026-06-18T04:11:00Z
2026-06-19,GBP,USD,1.2671,2026-06-19T10:38:00Z
2026-06-19,GBP,EUR,1.1573,2026-06-19T13:09:00Z
2026-06-19,GBP,CAD,1.7357,2026-06-19T21:19:00Z
2026-06-19,GBP,AUD,1.935,2026-06-19T09:22:00Z
2026-06-20,GBP,USD,1.285,2026-06-20T08:58:00Z
2026-06-20,GBP,EUR,1.17,2026-06-20T11:59:00Z
2026-06-20,GBP,CAD,1.7106,2026-06-20T22:51:00Z
2026-06-20,GBP,AUD,1.9131,2026-06-20T00:55:00Z
2026-06-21,GBP,USD,1.2873,2026-06-21T04:49:00Z
2026-06-21,GBP,EUR,1.1762,2026-06-21T10:09:00Z
2026-06-21,GBP,CAD,1.7156,2026-06-21T23:50:00Z
2026-06-21,GBP,AUD,1.9414,2026-06-21T15:52:00Z
2026-06-22,GBP,USD,1.2527,2026-06-22T18:27:00Z
2026-06-22,GBP,EUR,1.1884,2026-06-22T08:09:00Z
2026-06-22,GBP,CAD,1.7036,2026-06-22T04:11:00Z
2026-06-22,GBP,AUD,1.9407,2026-06-22T11:20:00Z
2026-06-23,GBP,USD,1.2698,2026-06-23T15:44:00Z
2026-06-23,GBP,EUR,1.1889,2026-06-23T19:50:00Z
2026-06-23,GBP,CAD,1.7255,2026-06-23T04:51:00Z
2026-06-23,GBP,AUD,1.9478,2026-06-23T07:24:00Z
2026-06-24,GBP,USD,1.2667,2026-06-24T15:34:00Z
2026-06-24,GBP,EUR,1.1714,2026-06-24T17:34:00Z
2026-06-24,GBP,CAD,1.7329,2026-06-24T12:05:00Z
2026-06-24,GBP,AUD,1.9332,2026-06-24T13:33:00Z
2026-06-25,GBP,USD,1.2731,2026-06-25T22:51:00Z
2026-06-25,GBP,EUR,1.1799,2026-06-25T22:05:00Z
2026-06-25,GBP,CAD,1.7094,2026-06-25T00:13:00Z
2026-06-25,GBP,AUD,1.9498,2026-06-25T00:23:00Z
2026-06-26,GBP,USD,1.2723,2026-06-26T04:58:00Z
2026-06-26,GBP,EUR,1.1544,2026-06-26T11:23:00Z
2026-06-26,GBP,CAD,1.734,2026-06-26T04:18:00Z
2026-06-26,GBP,AUD,1.9284,2026-06-26T17:59:00Z
2026-06-27,GBP,USD,1.2865,2026-06-27T07:13:00Z
2026-06-27,GBP,EUR,1.1831,2026-06-27T01:47:00Z
2026-06-27,GBP,CAD,1.7055,2026-06-27T22:45:00Z
2026-06-27,GBP,AUD,1.9157,2026-06-27T23:01:00Z
2026-06-28,GBP,USD,1.2778,2026-06-28T13:23:00Z
2026-06-28,GBP,EUR,1.1522,2026-06-28T03:42:00Z
2026-06-28,GBP,CAD,1.7233,2026-06-28T15:53:00Z
2026-06-28,GBP,AUD,1.9338,2026-06-28T05:01:00Z
2026-06-29,GBP,USD,1.2559,2026-06-29T04:05:00Z
2026-06-29,GBP,EUR,1.1598,2026-06-29T00:36:00Z
2026-06-29,GBP,CAD,1.7332,2026-06-29T13:09:00Z
2026-06-29,GBP,AUD,1.9406,2026-06-29T15:47:00Z
2026-06-30,GBP,USD,1.2556,2026-06-30T16:44:00Z
2026-06-30,GBP,EUR,1.188,2026-06-30T15:26:00Z
2026-06-30,GBP,CAD,1.7289,2026-06-30T14:50:00Z
2026-06-30,GBP,AUD,1.9358,2026-06-30T00:18:00Z
