id,session_date,source,medium,campaign,device_category,pageviews,session_duration_seconds,_fivetran_synced
1,2025-10-11,google,cpc,google-brand-search-1,tablet,10,625,2025-10-11T21:52:00Z
2,2025-06-19,google,cpc,google-brand-search-2,tablet,12,627,2025-06-19T23:35:00Z
3,2025-08-05,google,cpc,google-brand-search-3,desktop,6,779,2025-08-05T17:47:00Z
4,2025-12-01,google,cpc,google-brand-search-4,mobile,9,537,2025-12-01T14:45:00Z
5,2025-12-10,google,cpc,google-brand-search-5,mobile,10,201,2025-12-10T11:58:00Z
6,2026-05-05,google,cpc,google-brand-search-6,mobile,1,318,2026-05-05T03:15:00Z
7,2025-08-09,google,cpc,google-brand-search-7,tablet,3,60,2025-08-09T16:55:00Z
8,2026-05-19,google,cpc,google-brand-search-8,mobile,10,842,2026-05-19T07:06:00Z
9,2025-09-15,google,cpc,google-brand-search-9,desktop,10,550,2025-09-15T23:12:00Z
10,2026-04-27,google,cpc,google-brand-search-10,tablet,2,168,2026-04-27T04:25:00Z
11,2025-04-06,google,cpc,google-brand-search-11,desktop,1,78,2025-04-06T09:19:00Z
12,2025-04-26,google,cpc,google-brand-search-12,tablet,11,725,2025-04-26T14:59:00Z
13,2025-10-22,google,cpc,google-brand-search-13,desktop,10,751,2025-10-22T23:04:00Z
14,2026-05-11,google,cpc,google-brand-search-14,mobile,12,677,2026-05-11T21:14:00Z
15,2026-06-11,google,cpc,google-brand-search-15,desktop,5,758,2026-06-11T18:04:00Z
16,2025-07-21,google,cpc,google-brand-search-16,mobile,2,27,2025-07-21T06:33:00Z
17,2026-05-21,google,cpc,google-brand-search-17,tablet,8,339,2026-05-21T04:57:00Z
18,2026-02-20,google,cpc,google-brand-search-18,tablet,8,145,2026-02-20T01:37:00Z
19,2026-02-08,google,cpc,google-brand-search-19,tablet,7,669,2026-02-08T10:53:00Z
20,2026-03-10,google,cpc,google-brand-search-20,mobile,5,173,2026-03-10T23:50:00Z
21,2026-03-08,google,cpc,google-brand-search-21,tablet,3,313,2026-03-08T00:21:00Z
22,2026-02-12,google,cpc,google-brand-search-22,tablet,11,164,2026-02-12T01:33:00Z
23,2025-07-03,google,cpc,google-brand-search-23,desktop,6,861,2025-07-03T07:01:00Z
24,2026-01-17,google,cpc,google-brand-search-24,mobile,7,448,2026-01-17T19:51:00Z
25,2025-05-23,google,cpc,google-brand-search-25,tablet,5,582,2025-05-23T19:25:00Z
26,2025-06-04,google,cpc,google-brand-search-26,tablet,9,846,2025-06-04T01:41:00Z
27,2026-06-13,google,cpc,google-brand-search-27,mobile,7,556,2026-06-13T04:56:00Z
28,2025-04-03,google,cpc,google-brand-search-28,desktop,8,684,2025-04-03T11:15:00Z
29,2026-02-16,google,cpc,google-brand-search-29,desktop,8,640,2026-02-16T13:26:00Z
30,2025-05-22,google,cpc,google-brand-search-30,tablet,7,595,2025-05-22T10:30:00Z
31,2025-06-18,google,cpc,google-brand-search-31,tablet,12,667,2025-06-18T09:54:00Z
32,2026-06-08,google,cpc,google-brand-search-32,desktop,5,263,2026-06-08T09:31:00Z
33,2025-08-10,google,cpc,google-brand-search-33,desktop,12,177,2025-08-10T10:14:00Z
34,2025-05-08,google,cpc,google-brand-search-34,tablet,4,503,2025-05-08T21:39:00Z
35,2025-09-09,google,cpc,google-brand-search-35,mobile,2,23,2025-09-09T01:31:00Z
36,2025-12-07,google,cpc,google-brand-search-36,mobile,4,667,2025-12-07T05:04:00Z
37,2025-09-27,google,cpc,google-non-brand-generic-37,desktop,4,439,2025-09-27T02:48:00Z
38,2026-01-20,google,cpc,google-non-brand-generic-38,tablet,3,56,2026-01-20T04:44:00Z
39,2025-09-18,google,cpc,google-non-brand-generic-39,tablet,12,865,2025-09-18T18:38:00Z
40,2026-04-05,google,cpc,google-non-brand-generic-40,desktop,10,213,2026-04-05T16:30:00Z
41,2025-07-09,google,cpc,google-non-brand-generic-41,desktop,8,51,2025-07-09T06:19:00Z
42,2026-04-10,google,cpc,google-non-brand-generic-42,desktop,5,882,2026-04-10T09:17:00Z
43,2026-06-08,google,cpc,google-non-brand-generic-43,mobile,5,573,2026-06-08T19:00:00Z
44,2026-05-05,google,cpc,google-non-brand-generic-44,mobile,8,451,2026-05-05T00:28:00Z
45,2026-04-19,google,cpc,google-non-brand-generic-45,tablet,7,896,2026-04-19T04:49:00Z
46,2025-07-25,google,cpc,google-non-brand-generic-46,mobile,2,15,2025-07-25T22:53:00Z
47,2025-11-27,google,cpc,google-non-brand-generic-47,mobile,6,88,2025-11-27T19:04:00Z
48,2026-05-08,google,cpc,google-non-brand-generic-48,mobile,11,44,2026-05-08T22:35:00Z
49,2026-06-11,google,cpc,google-non-brand-generic-49,mobile,2,504,2026-06-11T22:15:00Z
50,2026-03-03,google,cpc,google-non-brand-generic-50,desktop,9,617,2026-03-03T11:05:00Z
51,2025-08-16,google,cpc,google-non-brand-generic-51,mobile,7,207,2025-08-16T08:02:00Z
52,2026-02-04,google,cpc,google-non-brand-generic-52,desktop,9,823,2026-02-04T11:32:00Z
53,2025-04-01,google,cpc,google-non-brand-generic-53,mobile,6,567,2025-04-01T23:05:00Z
54,2026-04-09,google,cpc,google-non-brand-generic-54,tablet,2,338,2026-04-09T14:16:00Z
55,2025-08-17,google,cpc,google-non-brand-generic-55,tablet,10,411,2025-08-17T21:23:00Z
56,2025-08-06,google,cpc,google-non-brand-generic-56,tablet,11,129,2025-08-06T12:03:00Z
57,2026-02-26,google,cpc,google-non-brand-generic-57,mobile,8,12,2026-02-26T01:18:00Z
58,2025-04-06,google,cpc,google-non-brand-generic-58,tablet,4,858,2025-04-06T00:45:00Z
59,2025-09-07,google,cpc,google-non-brand-generic-59,mobile,5,130,2025-09-07T17:17:00Z
60,2025-04-10,google,cpc,google-non-brand-generic-60,desktop,10,817,2025-04-10T22:34:00Z
61,2025-06-16,google,cpc,google-non-brand-generic-61,desktop,2,833,2025-06-16T17:01:00Z
62,2026-03-15,google,cpc,google-non-brand-generic-62,desktop,10,401,2026-03-15T12:49:00Z
63,2025-06-22,google,cpc,google-non-brand-generic-63,tablet,12,50,2025-06-22T07:32:00Z
64,2025-10-08,google,cpc,google-non-brand-generic-64,tablet,9,418,2025-10-08T21:17:00Z
65,2026-02-16,google,cpc,google-non-brand-generic-65,tablet,12,31,2026-02-16T21:28:00Z
66,2025-12-30,google,cpc,google-non-brand-generic-66,tablet,1,165,2025-12-30T12:20:00Z
67,2025-06-20,google,cpc,google-non-brand-generic-67,tablet,12,356,2025-06-20T02:57:00Z
68,2025-10-13,google,cpc,google-non-brand-generic-68,mobile,12,457,2025-10-13T22:38:00Z
69,2025-07-15,google,cpc,google-non-brand-generic-69,desktop,12,252,2025-07-15T10:46:00Z
70,2025-10-31,google,cpc,google-non-brand-generic-70,desktop,4,66,2025-10-31T06:38:00Z
71,2025-11-26,google,cpc,google-non-brand-generic-71,mobile,5,880,2025-11-26T00:32:00Z
72,2025-12-16,google,cpc,google-non-brand-generic-72,desktop,7,509,2025-12-16T01:32:00Z
73,2026-04-04,google,cpc,google-non-brand-generic-73,tablet,9,504,2026-04-04T01:38:00Z
74,2025-06-26,google,cpc,google-non-brand-generic-74,desktop,11,742,2025-06-26T03:38:00Z
75,2026-03-25,google,cpc,google-non-brand-generic-75,tablet,2,563,2026-03-25T23:52:00Z
76,2026-03-21,google,cpc,google-non-brand-generic-76,tablet,5,896,2026-03-21T07:05:00Z
77,2025-07-12,google,cpc,google-shopping-feed-77,tablet,3,840,2025-07-12T12:24:00Z
78,2025-05-22,google,cpc,google-shopping-feed-78,desktop,6,560,2025-05-22T08:35:00Z
79,2025-09-21,google,cpc,google-shopping-feed-79,tablet,1,361,2025-09-21T05:51:00Z
80,2025-10-22,google,cpc,google-shopping-feed-80,desktop,3,683,2025-10-22T03:07:00Z
81,2026-01-30,google,cpc,google-shopping-feed-81,tablet,7,43,2026-01-30T09:29:00Z
82,2026-05-14,google,cpc,google-shopping-feed-82,tablet,11,172,2026-05-14T04:01:00Z
83,2025-09-08,google,cpc,google-shopping-feed-83,desktop,10,491,2025-09-08T21:00:00Z
84,2025-11-30,google,cpc,google-shopping-feed-84,mobile,5,382,2025-11-30T22:17:00Z
85,2025-08-30,google,cpc,google-shopping-feed-85,mobile,12,724,2025-08-30T01:55:00Z
86,2025-12-29,google,cpc,google-shopping-feed-86,tablet,11,801,2025-12-29T04:58:00Z
87,2026-02-22,google,cpc,google-shopping-feed-87,desktop,2,464,2026-02-22T02:18:00Z
88,2025-10-17,google,cpc,google-shopping-feed-88,tablet,2,852,2025-10-17T19:36:00Z
89,2025-09-21,google,cpc,google-shopping-feed-89,tablet,4,600,2025-09-21T08:26:00Z
90,2026-06-23,google,cpc,google-shopping-feed-90,mobile,7,427,2026-06-23T04:55:00Z
91,2025-10-26,google,cpc,google-shopping-feed-91,desktop,4,344,2025-10-26T22:48:00Z
92,2026-01-21,google,cpc,google-shopping-feed-92,mobile,1,382,2026-01-21T07:00:00Z
93,2025-06-10,google,cpc,google-shopping-feed-93,tablet,7,85,2025-06-10T23:34:00Z
94,2025-09-02,google,cpc,google-shopping-feed-94,desktop,3,392,2025-09-02T15:52:00Z
95,2026-01-10,google,cpc,google-shopping-feed-95,mobile,1,231,2026-01-10T12:33:00Z
96,2025-10-23,google,cpc,google-shopping-feed-96,desktop,6,842,2025-10-23T01:25:00Z
97,2025-07-31,google,cpc,google-shopping-feed-97,desktop,7,415,2025-07-31T07:27:00Z
98,2026-05-30,google,cpc,google-shopping-feed-98,desktop,6,55,2026-05-30T04:46:00Z
99,2025-12-28,google,cpc,google-shopping-feed-99,tablet,2,672,2025-12-28T20:27:00Z
100,2025-08-15,google,cpc,google-shopping-feed-100,desktop,10,568,2025-08-15T18:07:00Z
101,2025-04-06,google,cpc,google-shopping-feed-101,desktop,10,54,2025-04-06T18:07:00Z
102,2025-06-24,google,cpc,google-shopping-feed-102,desktop,12,252,2025-06-24T20:01:00Z
103,2025-06-13,google,cpc,google-shopping-feed-103,mobile,3,33,2025-06-13T19:16:00Z
104,2025-06-20,bing,cpc,bing-non-brand-search-104,tablet,4,795,2025-06-20T14:48:00Z
105,2025-10-07,bing,cpc,bing-non-brand-search-105,tablet,8,722,2025-10-07T19:23:00Z
106,2025-07-28,bing,cpc,bing-non-brand-search-106,desktop,10,674,2025-07-28T05:25:00Z
107,2025-04-22,bing,cpc,bing-non-brand-search-107,desktop,10,743,2025-04-22T17:27:00Z
108,2025-04-23,bing,cpc,bing-non-brand-search-108,desktop,8,367,2025-04-23T15:59:00Z
109,2025-08-30,bing,cpc,bing-non-brand-search-109,tablet,6,273,2025-08-30T08:40:00Z
110,2026-01-28,bing,cpc,bing-non-brand-search-110,desktop,1,336,2026-01-28T09:47:00Z
111,2026-01-11,bing,cpc,bing-non-brand-search-111,tablet,5,720,2026-01-11T09:59:00Z
112,2025-09-16,bing,cpc,bing-non-brand-search-112,desktop,9,102,2025-09-16T03:35:00Z
113,2025-04-09,bing,cpc,bing-non-brand-search-113,tablet,9,133,2025-04-09T22:35:00Z
114,2026-01-30,bing,cpc,bing-non-brand-search-114,mobile,6,654,2026-01-30T11:33:00Z
115,2025-07-18,bing,cpc,bing-non-brand-search-115,mobile,5,790,2025-07-18T10:25:00Z
116,2025-10-25,bing,cpc,bing-non-brand-search-116,desktop,3,621,2025-10-25T21:23:00Z
117,2025-06-16,bing,cpc,bing-non-brand-search-117,desktop,8,641,2025-06-16T15:03:00Z
118,2025-09-09,bing,cpc,bing-non-brand-search-118,tablet,7,399,2025-09-09T00:15:00Z
119,2026-05-21,bing,cpc,bing-non-brand-search-119,mobile,2,840,2026-05-21T13:53:00Z
120,2025-06-11,bing,cpc,bing-non-brand-search-120,mobile,9,443,2025-06-11T00:28:00Z
121,2025-04-06,bing,cpc,bing-non-brand-search-121,mobile,8,894,2025-04-06T20:09:00Z
122,2026-04-23,bing,cpc,bing-non-brand-search-122,mobile,7,26,2026-04-23T04:12:00Z
123,2025-09-28,bing,cpc,bing-non-brand-search-123,desktop,6,526,2025-09-28T11:01:00Z
124,2025-05-07,bing,cpc,bing-non-brand-search-124,mobile,4,707,2025-05-07T00:04:00Z
125,2025-11-12,bing,cpc,bing-non-brand-search-125,desktop,11,753,2025-11-12T20:05:00Z
126,2025-11-03,bing,cpc,bing-non-brand-search-126,mobile,2,333,2025-11-03T13:03:00Z
127,2025-09-25,bing,cpc,bing-non-brand-search-127,tablet,8,595,2025-09-25T01:23:00Z
128,2025-06-06,bing,cpc,bing-non-brand-search-128,desktop,5,319,2025-06-06T02:13:00Z
129,2025-08-04,bing,cpc,bing-non-brand-search-129,tablet,6,324,2025-08-04T14:36:00Z
130,2025-08-14,bing,cpc,bing-non-brand-search-130,desktop,12,394,2025-08-14T08:46:00Z
131,2026-04-17,bing,cpc,bing-non-brand-search-131,mobile,4,109,2026-04-17T21:51:00Z
132,2025-09-11,bing,cpc,bing-non-brand-search-132,tablet,8,607,2025-09-11T01:20:00Z
133,2026-04-06,bing,cpc,bing-non-brand-search-133,mobile,2,596,2026-04-06T23:05:00Z
134,2026-04-24,bing,cpc,bing-non-brand-search-134,tablet,9,662,2026-04-24T18:34:00Z
135,2025-10-21,bing,cpc,bing-non-brand-search-135,mobile,12,317,2025-10-21T22:25:00Z
136,2026-01-23,bing,cpc,bing-non-brand-search-136,desktop,7,348,2026-01-23T12:56:00Z
137,2025-06-03,bing,cpc,bing-non-brand-search-137,tablet,4,209,2025-06-03T10:45:00Z
138,2026-02-05,bing,cpc,bing-non-brand-search-138,mobile,5,652,2026-02-05T21:35:00Z
139,2025-10-20,google,organic,google-organic-search-139,tablet,1,393,2025-10-20T21:29:00Z
140,2025-04-26,google,organic,google-organic-search-140,desktop,4,773,2025-04-26T22:30:00Z
141,2026-06-08,google,organic,google-organic-search-141,mobile,12,100,2026-06-08T17:16:00Z
142,2025-08-04,google,organic,google-organic-search-142,desktop,11,112,2025-08-04T18:11:00Z
143,2025-06-23,google,organic,google-organic-search-143,desktop,10,378,2025-06-23T13:31:00Z
144,2025-08-02,google,organic,google-organic-search-144,desktop,4,880,2025-08-02T04:44:00Z
145,2026-03-28,google,organic,google-organic-search-145,tablet,12,500,2026-03-28T06:50:00Z
146,2026-03-16,google,organic,google-organic-search-146,desktop,4,589,2026-03-16T12:18:00Z
147,2025-08-11,google,organic,google-organic-search-147,desktop,3,899,2025-08-11T17:58:00Z
148,2025-06-08,google,organic,google-organic-search-148,mobile,4,791,2025-06-08T05:52:00Z
149,2025-10-20,google,organic,google-organic-search-149,mobile,7,642,2025-10-20T18:41:00Z
150,2025-07-05,google,organic,google-organic-search-150,mobile,3,459,2025-07-05T15:58:00Z
151,2025-07-31,google,organic,google-organic-search-151,tablet,12,173,2025-07-31T07:46:00Z
152,2025-12-30,google,organic,google-organic-search-152,mobile,11,154,2025-12-30T01:08:00Z
153,2025-08-01,google,organic,google-organic-search-153,tablet,3,32,2025-08-01T18:06:00Z
154,2025-08-07,google,organic,google-organic-search-154,tablet,1,76,2025-08-07T13:39:00Z
155,2025-07-06,google,organic,google-organic-search-155,desktop,3,538,2025-07-06T08:18:00Z
156,2025-06-10,google,organic,google-organic-search-156,desktop,5,516,2025-06-10T21:04:00Z
157,2026-02-04,google,organic,google-organic-search-157,tablet,9,162,2026-02-04T19:00:00Z
158,2026-05-15,google,organic,google-organic-search-158,tablet,8,349,2026-05-15T10:55:00Z
159,2025-05-14,google,organic,google-organic-search-159,mobile,5,716,2025-05-14T10:08:00Z
160,2025-10-17,google,organic,google-organic-search-160,desktop,8,341,2025-10-17T13:36:00Z
161,2026-03-20,google,organic,google-organic-search-161,tablet,10,81,2026-03-20T06:35:00Z
162,2025-07-23,google,organic,google-organic-search-162,desktop,1,13,2025-07-23T22:53:00Z
163,2025-10-19,google,organic,google-organic-search-163,mobile,4,228,2025-10-19T21:09:00Z
164,2025-07-04,google,organic,google-organic-search-164,mobile,11,752,2025-07-04T04:58:00Z
165,2025-06-05,google,organic,google-organic-search-165,mobile,8,488,2025-06-05T14:13:00Z
166,2025-07-14,google,organic,google-organic-search-166,desktop,7,753,2025-07-14T16:44:00Z
167,2025-04-18,google,organic,google-organic-search-167,mobile,7,315,2025-04-18T23:30:00Z
168,2025-04-15,google,organic,google-organic-search-168,mobile,1,222,2025-04-15T17:23:00Z
169,2025-04-27,google,organic,google-organic-search-169,desktop,7,826,2025-04-27T01:21:00Z
170,2026-02-09,google,organic,google-organic-search-170,mobile,3,648,2026-02-09T16:50:00Z
171,2025-09-03,google,organic,google-organic-search-171,desktop,11,304,2025-09-03T02:46:00Z
172,2026-05-27,google,organic,google-organic-search-172,desktop,11,494,2026-05-27T22:19:00Z
173,2026-04-08,google,organic,google-organic-search-173,desktop,3,517,2026-04-08T08:01:00Z
174,2026-03-12,google,organic,google-organic-search-174,tablet,7,494,2026-03-12T11:32:00Z
175,2025-06-25,google,organic,google-organic-search-175,mobile,8,440,2025-06-25T04:23:00Z
176,2026-01-17,google,organic,google-organic-search-176,desktop,7,860,2026-01-17T05:00:00Z
177,2026-06-06,google,organic,google-organic-search-177,desktop,4,733,2026-06-06T12:12:00Z
178,2026-03-06,facebook,cpc,facebook-cpc-retarget-178,mobile,11,877,2026-03-06T12:56:00Z
179,2026-05-13,facebook,cpc,facebook-cpc-retarget-179,mobile,7,756,2026-05-13T02:18:00Z
180,2026-01-19,facebook,cpc,facebook-cpc-retarget-180,mobile,5,332,2026-01-19T19:31:00Z
181,2026-02-25,facebook,cpc,facebook-cpc-retarget-181,tablet,4,116,2026-02-25T16:59:00Z
182,2025-07-21,facebook,cpc,facebook-cpc-retarget-182,tablet,12,798,2025-07-21T18:43:00Z
183,2025-12-05,facebook,cpc,facebook-cpc-retarget-183,tablet,10,868,2025-12-05T17:45:00Z
184,2025-08-21,facebook,cpc,facebook-cpc-retarget-184,tablet,2,273,2025-08-21T19:58:00Z
185,2026-03-28,facebook,cpc,facebook-cpc-retarget-185,tablet,7,45,2026-03-28T18:47:00Z
186,2026-02-12,facebook,cpc,facebook-cpc-retarget-186,mobile,6,24,2026-02-12T09:38:00Z
187,2026-03-26,facebook,cpc,facebook-cpc-retarget-187,tablet,4,156,2026-03-26T13:49:00Z
188,2026-06-21,facebook,cpc,facebook-cpc-retarget-188,mobile,5,231,2026-06-21T04:08:00Z
189,2026-04-17,facebook,cpc,facebook-cpc-retarget-189,desktop,10,273,2026-04-17T12:06:00Z
190,2025-06-06,facebook,cpc,facebook-cpc-retarget-190,desktop,3,745,2025-06-06T17:37:00Z
191,2026-03-27,facebook,cpc,facebook-cpc-retarget-191,tablet,11,86,2026-03-27T21:55:00Z
192,2025-05-24,facebook,cpc,facebook-cpc-retarget-192,mobile,10,305,2025-05-24T17:59:00Z
193,2025-09-21,facebook,cpc,facebook-cpc-retarget-193,desktop,5,26,2025-09-21T00:44:00Z
194,2025-05-08,facebook,cpc,facebook-cpc-retarget-194,desktop,11,471,2025-05-08T13:47:00Z
195,2026-03-24,facebook,cpc,facebook-cpc-retarget-195,desktop,3,207,2026-03-24T18:33:00Z
196,2026-03-27,facebook,cpc,facebook-cpc-retarget-196,mobile,8,317,2026-03-27T05:52:00Z
197,2026-06-30,facebook,cpc,facebook-cpc-retarget-197,tablet,3,359,2026-06-30T12:45:00Z
198,2025-11-23,facebook,cpc,facebook-cpc-retarget-198,tablet,9,722,2025-11-23T15:04:00Z
199,2026-06-08,facebook,cpc,facebook-cpc-retarget-199,tablet,9,548,2026-06-08T04:58:00Z
200,2025-06-05,facebook,cpc,facebook-cpc-retarget-200,desktop,8,548,2025-06-05T20:34:00Z
201,2026-02-27,facebook,cpc,facebook-cpc-retarget-201,mobile,1,347,2026-02-27T21:34:00Z
202,2026-06-09,facebook,cpc,facebook-cpc-retarget-202,mobile,2,407,2026-06-09T16:03:00Z
203,2025-10-14,facebook,cpc,facebook-cpc-retarget-203,tablet,2,758,2025-10-14T06:44:00Z
204,2026-04-06,facebook,cpc,facebook-cpc-retarget-204,mobile,10,667,2026-04-06T11:25:00Z
205,2025-09-04,facebook,cpc,facebook-cpc-retarget-205,mobile,12,598,2025-09-04T19:34:00Z
206,2026-06-20,facebook,cpc,facebook-cpc-retarget-206,mobile,7,35,2026-06-20T21:20:00Z
207,2025-12-20,facebook,cpc,facebook-cpc-retarget-207,mobile,11,464,2025-12-20T19:17:00Z
208,2026-01-16,facebook,cpc,facebook-cpc-retarget-208,mobile,4,704,2026-01-16T17:15:00Z
209,2025-04-02,facebook,cpc,facebook-cpc-retarget-209,tablet,8,167,2025-04-02T06:25:00Z
210,2026-05-17,facebook,cpc,facebook-cpc-retarget-210,desktop,1,869,2026-05-17T17:03:00Z
211,2026-01-19,facebook,cpc,facebook-cpc-retarget-211,desktop,7,95,2026-01-19T12:25:00Z
212,2025-06-07,facebook,cpc,facebook-cpc-retarget-212,desktop,2,438,2025-06-07T10:22:00Z
213,2025-09-11,facebook,cpc,facebook-cpc-retarget-213,tablet,8,710,2025-09-11T16:26:00Z
214,2025-08-21,facebook,cpc,facebook-cpc-retarget-214,mobile,8,691,2025-08-21T16:25:00Z
215,2025-09-13,facebook,cpc,facebook-cpc-retarget-215,mobile,6,515,2025-09-13T11:06:00Z
216,2025-06-28,facebook,cpc,facebook-cpc-retarget-216,mobile,8,451,2025-06-28T08:00:00Z
217,2025-04-04,facebook,cpc,facebook-cpc-retarget-217,desktop,7,546,2025-04-04T14:21:00Z
218,2025-12-23,facebook,cpc,facebook-cpc-retarget-218,mobile,9,886,2025-12-23T04:18:00Z
219,2025-09-30,facebook,organic,facebook-organic-page-post-219,desktop,7,401,2025-09-30T11:16:00Z
220,2025-09-14,facebook,organic,facebook-organic-page-post-220,desktop,3,189,2025-09-14T08:55:00Z
221,2025-09-02,facebook,organic,facebook-organic-page-post-221,mobile,2,798,2025-09-02T16:37:00Z
222,2026-02-08,facebook,organic,facebook-organic-page-post-222,mobile,5,15,2026-02-08T04:51:00Z
223,2026-06-09,facebook,organic,facebook-organic-page-post-223,desktop,4,551,2026-06-09T13:58:00Z
224,2025-12-30,facebook,organic,facebook-organic-page-post-224,mobile,1,534,2025-12-30T07:53:00Z
225,2025-09-10,facebook,organic,facebook-organic-page-post-225,mobile,1,757,2025-09-10T02:28:00Z
226,2025-04-11,facebook,organic,facebook-organic-page-post-226,desktop,7,208,2025-04-11T01:56:00Z
227,2026-02-13,facebook,organic,facebook-organic-page-post-227,mobile,5,167,2026-02-13T06:32:00Z
228,2026-02-24,facebook,organic,facebook-organic-page-post-228,mobile,1,187,2026-02-24T01:51:00Z
229,2026-03-22,facebook,organic,facebook-organic-page-post-229,mobile,12,59,2026-03-22T17:39:00Z
230,2026-04-12,facebook,organic,facebook-organic-page-post-230,tablet,4,41,2026-04-12T19:49:00Z
231,2026-06-21,facebook,organic,facebook-organic-page-post-231,mobile,12,80,2026-06-21T06:17:00Z
232,2026-03-09,facebook,organic,facebook-organic-page-post-232,tablet,1,607,2026-03-09T13:40:00Z
233,2025-05-04,facebook,organic,facebook-organic-page-post-233,tablet,8,620,2025-05-04T15:55:00Z
234,2026-06-07,facebook,organic,facebook-organic-page-post-234,tablet,8,148,2026-06-07T08:21:00Z
235,2025-06-18,facebook,organic,facebook-organic-page-post-235,tablet,5,122,2025-06-18T06:23:00Z
236,2025-10-17,facebook,organic,facebook-organic-page-post-236,tablet,5,549,2025-10-17T00:19:00Z
237,2025-09-10,facebook,organic,facebook-organic-page-post-237,desktop,8,219,2025-09-10T11:48:00Z
238,2026-04-30,facebook,organic,facebook-organic-page-post-238,mobile,12,513,2026-04-30T09:32:00Z
239,2025-04-08,facebook,organic,facebook-organic-page-post-239,tablet,6,520,2025-04-08T20:40:00Z
240,2025-07-24,facebook,organic,facebook-organic-page-post-240,tablet,5,703,2025-07-24T00:56:00Z
241,2025-09-20,facebook,organic,facebook-organic-page-post-241,tablet,11,789,2025-09-20T17:02:00Z
242,2025-06-11,facebook,organic,facebook-organic-page-post-242,tablet,7,11,2025-06-11T05:45:00Z
243,2026-02-10,facebook,organic,facebook-organic-page-post-243,mobile,5,160,2026-02-10T20:55:00Z
244,2026-05-20,facebook,organic,facebook-organic-page-post-244,desktop,4,102,2026-05-20T11:58:00Z
245,2026-02-02,instagram,cpc,instagram-cpc-story-ads-245,desktop,6,543,2026-02-02T08:39:00Z
246,2026-06-05,instagram,cpc,instagram-cpc-story-ads-246,desktop,8,205,2026-06-05T09:09:00Z
247,2025-04-21,instagram,cpc,instagram-cpc-story-ads-247,desktop,2,587,2025-04-21T23:28:00Z
248,2026-03-07,instagram,cpc,instagram-cpc-story-ads-248,mobile,8,302,2026-03-07T17:27:00Z
249,2025-11-22,instagram,cpc,instagram-cpc-story-ads-249,mobile,10,384,2025-11-22T03:42:00Z
250,2025-09-06,instagram,cpc,instagram-cpc-story-ads-250,desktop,9,445,2025-09-06T23:17:00Z
251,2026-03-18,instagram,cpc,instagram-cpc-story-ads-251,tablet,12,172,2026-03-18T06:00:00Z
252,2025-12-13,instagram,cpc,instagram-cpc-story-ads-252,tablet,12,142,2025-12-13T19:20:00Z
253,2026-05-08,instagram,cpc,instagram-cpc-story-ads-253,tablet,9,415,2026-05-08T22:32:00Z
254,2026-05-18,instagram,cpc,instagram-cpc-story-ads-254,mobile,2,594,2026-05-18T13:10:00Z
255,2025-08-04,instagram,cpc,instagram-cpc-story-ads-255,tablet,4,182,2025-08-04T13:01:00Z
256,2026-04-13,instagram,cpc,instagram-cpc-story-ads-256,tablet,6,749,2026-04-13T17:24:00Z
257,2026-04-02,instagram,cpc,instagram-cpc-story-ads-257,tablet,5,179,2026-04-02T14:26:00Z
258,2026-06-04,instagram,cpc,instagram-cpc-story-ads-258,mobile,5,538,2026-06-04T06:06:00Z
259,2026-06-09,instagram,cpc,instagram-cpc-story-ads-259,mobile,4,726,2026-06-09T00:24:00Z
260,2025-10-24,instagram,cpc,instagram-cpc-story-ads-260,desktop,10,228,2025-10-24T21:41:00Z
261,2026-03-15,instagram,cpc,instagram-cpc-story-ads-261,desktop,6,104,2026-03-15T16:59:00Z
262,2026-05-14,instagram,cpc,instagram-cpc-story-ads-262,desktop,8,563,2026-05-14T16:09:00Z
263,2025-08-29,instagram,cpc,instagram-cpc-story-ads-263,desktop,7,853,2025-08-29T11:52:00Z
264,2025-09-22,instagram,cpc,instagram-cpc-story-ads-264,tablet,5,434,2025-09-22T19:35:00Z
265,2026-01-29,instagram,cpc,instagram-cpc-story-ads-265,desktop,7,166,2026-01-29T07:08:00Z
266,2025-11-22,instagram,cpc,instagram-cpc-story-ads-266,tablet,3,235,2025-11-22T20:30:00Z
267,2025-05-31,instagram,cpc,instagram-cpc-story-ads-267,mobile,10,524,2025-05-31T18:01:00Z
268,2025-06-17,instagram,cpc,instagram-cpc-story-ads-268,desktop,4,492,2025-06-17T21:52:00Z
269,2026-01-19,instagram,cpc,instagram-cpc-story-ads-269,desktop,1,735,2026-01-19T13:20:00Z
270,2026-05-27,instagram,cpc,instagram-cpc-story-ads-270,mobile,12,565,2026-05-27T20:40:00Z
271,2025-11-16,instagram,cpc,instagram-cpc-story-ads-271,desktop,11,575,2025-11-16T08:51:00Z
272,2025-11-25,instagram,cpc,instagram-cpc-story-ads-272,mobile,10,340,2025-11-25T22:16:00Z
273,2025-05-07,instagram,cpc,instagram-cpc-story-ads-273,tablet,8,440,2025-05-07T15:20:00Z
274,2025-09-08,instagram,cpc,instagram-cpc-story-ads-274,desktop,10,547,2025-09-08T02:52:00Z
275,2026-06-24,instagram,cpc,instagram-cpc-story-ads-275,tablet,9,649,2026-06-24T21:02:00Z
276,2026-06-06,instagram,cpc,instagram-cpc-story-ads-276,mobile,12,225,2026-06-06T14:32:00Z
277,2025-05-04,instagram,cpc,instagram-cpc-story-ads-277,mobile,10,76,2025-05-04T10:31:00Z
278,2026-02-03,instagram,cpc,instagram-cpc-story-ads-278,desktop,9,604,2026-02-03T09:23:00Z
279,2025-12-18,instagram,cpc,instagram-cpc-story-ads-279,tablet,12,652,2025-12-18T12:10:00Z
280,2025-10-25,instagram,cpc,instagram-cpc-story-ads-280,tablet,4,527,2025-10-25T08:35:00Z
281,2025-12-19,instagram,cpc,instagram-cpc-story-ads-281,mobile,7,220,2025-12-19T16:01:00Z
282,2026-06-15,instagram,cpc,instagram-cpc-story-ads-282,desktop,1,711,2026-06-15T15:25:00Z
283,2025-05-11,instagram,cpc,instagram-cpc-story-ads-283,desktop,4,617,2025-05-11T12:43:00Z
284,2025-05-26,instagram,cpc,instagram-cpc-story-ads-284,desktop,2,656,2025-05-26T21:38:00Z
285,2025-04-15,instagram,cpc,instagram-cpc-story-ads-285,tablet,6,765,2025-04-15T02:35:00Z
286,2025-05-22,instagram,organic,instagram-organic-reels-286,desktop,10,672,2025-05-22T17:33:00Z
287,2026-02-24,instagram,organic,instagram-organic-reels-287,mobile,11,812,2026-02-24T03:32:00Z
288,2026-04-28,instagram,organic,instagram-organic-reels-288,desktop,1,674,2026-04-28T15:00:00Z
289,2025-10-23,instagram,organic,instagram-organic-reels-289,mobile,12,788,2025-10-23T19:02:00Z
290,2026-06-22,instagram,organic,instagram-organic-reels-290,desktop,1,475,2026-06-22T18:08:00Z
291,2025-07-22,instagram,organic,instagram-organic-reels-291,mobile,3,613,2025-07-22T17:09:00Z
292,2025-10-16,instagram,organic,instagram-organic-reels-292,tablet,10,246,2025-10-16T07:17:00Z
293,2026-03-28,instagram,organic,instagram-organic-reels-293,tablet,11,879,2026-03-28T13:42:00Z
294,2025-09-03,instagram,organic,instagram-organic-reels-294,tablet,8,57,2025-09-03T07:45:00Z
295,2025-09-09,instagram,organic,instagram-organic-reels-295,desktop,7,512,2025-09-09T10:29:00Z
296,2025-12-18,instagram,organic,instagram-organic-reels-296,tablet,7,892,2025-12-18T16:50:00Z
297,2026-04-09,instagram,organic,instagram-organic-reels-297,desktop,4,356,2026-04-09T11:44:00Z
298,2025-11-15,instagram,organic,instagram-organic-reels-298,desktop,8,462,2025-11-15T07:47:00Z
299,2025-05-22,instagram,organic,instagram-organic-reels-299,desktop,11,233,2025-05-22T03:20:00Z
300,2025-09-16,instagram,organic,instagram-organic-reels-300,mobile,11,53,2025-09-16T21:54:00Z
301,2026-04-29,instagram,organic,instagram-organic-reels-301,mobile,8,702,2026-04-29T01:22:00Z
302,2025-06-05,instagram,organic,instagram-organic-reels-302,tablet,2,547,2025-06-05T15:39:00Z
303,2026-02-03,instagram,organic,instagram-organic-reels-303,tablet,12,237,2026-02-03T16:17:00Z
304,2026-03-30,instagram,organic,instagram-organic-reels-304,mobile,5,55,2026-03-30T09:23:00Z
305,2025-12-17,instagram,organic,instagram-organic-reels-305,tablet,4,117,2025-12-17T02:19:00Z
306,2025-05-03,instagram,organic,instagram-organic-reels-306,mobile,8,62,2025-05-03T20:58:00Z
307,2026-03-26,instagram,organic,instagram-organic-reels-307,desktop,3,242,2026-03-26T20:50:00Z
308,2025-09-13,instagram,organic,instagram-organic-reels-308,desktop,4,420,2025-09-13T17:28:00Z
309,2025-05-29,instagram,organic,instagram-organic-reels-309,mobile,11,778,2025-05-29T12:52:00Z
310,2026-05-03,instagram,organic,instagram-organic-reels-310,tablet,10,86,2026-05-03T23:02:00Z
311,2026-01-24,instagram,organic,instagram-organic-reels-311,tablet,8,471,2026-01-24T19:28:00Z
312,2026-01-01,instagram,organic,instagram-organic-reels-312,desktop,3,247,2026-01-01T20:19:00Z
313,2026-05-17,instagram,organic,instagram-organic-reels-313,tablet,5,375,2026-05-17T13:32:00Z
314,2025-08-28,instagram,organic,instagram-organic-reels-314,mobile,7,494,2025-08-28T18:51:00Z
315,2025-08-29,instagram,organic,instagram-organic-reels-315,desktop,4,849,2025-08-29T13:46:00Z
316,2026-06-13,instagram,organic,instagram-organic-reels-316,mobile,5,843,2026-06-13T00:04:00Z
317,2025-11-08,instagram,organic,instagram-organic-reels-317,desktop,3,637,2025-11-08T10:30:00Z
318,2025-07-21,instagram,organic,instagram-organic-reels-318,mobile,9,687,2025-07-21T06:55:00Z
319,2025-05-31,instagram,organic,instagram-organic-reels-319,mobile,10,520,2025-05-31T11:28:00Z
320,2026-03-28,instagram,organic,instagram-organic-reels-320,desktop,10,730,2026-03-28T21:09:00Z
321,2026-03-06,instagram,organic,instagram-organic-reels-321,mobile,4,116,2026-03-06T16:25:00Z
322,2026-01-12,instagram,organic,instagram-organic-reels-322,tablet,4,737,2026-01-12T01:08:00Z
323,2026-01-15,instagram,organic,instagram-organic-reels-323,desktop,6,582,2026-01-15T11:58:00Z
324,2026-03-28,instagram,organic,instagram-organic-reels-324,tablet,5,667,2026-03-28T05:52:00Z
325,2025-07-26,instagram,organic,instagram-organic-reels-325,desktop,3,317,2025-07-26T02:24:00Z
326,2026-06-12,instagram,organic,instagram-organic-reels-326,tablet,6,80,2026-06-12T17:22:00Z
327,2026-02-15,instagram,organic,instagram-organic-reels-327,tablet,5,560,2026-02-15T07:37:00Z
328,2026-05-14,gdn,display,banner-network-retargeting-328,mobile,1,487,2026-05-14T06:19:00Z
329,2025-08-28,gdn,display,banner-network-retargeting-329,mobile,8,736,2025-08-28T08:24:00Z
330,2025-06-30,gdn,display,banner-network-retargeting-330,tablet,2,363,2025-06-30T23:40:00Z
331,2026-01-19,gdn,display,banner-network-retargeting-331,mobile,9,300,2026-01-19T20:05:00Z
332,2026-02-16,gdn,display,banner-network-retargeting-332,mobile,5,768,2026-02-16T19:07:00Z
333,2025-11-04,gdn,display,banner-network-retargeting-333,desktop,8,13,2025-11-04T10:00:00Z
334,2025-06-22,gdn,display,banner-network-retargeting-334,desktop,2,535,2025-06-22T21:06:00Z
335,2025-10-25,gdn,display,banner-network-retargeting-335,tablet,9,83,2025-10-25T20:53:00Z
336,2025-08-25,gdn,display,banner-network-retargeting-336,desktop,4,816,2025-08-25T09:53:00Z
337,2025-08-19,gdn,display,banner-network-retargeting-337,tablet,8,405,2025-08-19T22:56:00Z
338,2025-04-30,gdn,display,banner-network-retargeting-338,tablet,10,271,2025-04-30T17:13:00Z
339,2026-03-22,gdn,display,banner-network-retargeting-339,mobile,8,304,2026-03-22T00:47:00Z
340,2025-06-05,gdn,display,banner-network-retargeting-340,tablet,12,890,2025-06-05T04:34:00Z
341,2025-10-25,gdn,display,banner-network-retargeting-341,mobile,11,662,2025-10-25T07:12:00Z
342,2026-04-30,gdn,display,banner-network-retargeting-342,desktop,3,444,2026-04-30T20:22:00Z
343,2026-04-19,gdn,display,banner-network-retargeting-343,desktop,10,753,2026-04-19T20:37:00Z
344,2025-10-14,gdn,display,banner-network-retargeting-344,tablet,3,129,2025-10-14T17:57:00Z
345,2025-07-06,gdn,display,banner-network-retargeting-345,mobile,7,473,2025-07-06T14:07:00Z
346,2026-02-02,gdn,display,banner-network-retargeting-346,tablet,7,435,2026-02-02T13:27:00Z
347,2025-05-10,gdn,display,banner-network-retargeting-347,desktop,3,330,2025-05-10T23:25:00Z
348,2025-08-02,gdn,display,banner-network-retargeting-348,mobile,3,840,2025-08-02T01:08:00Z
349,2026-05-12,gdn,display,banner-network-retargeting-349,desktop,3,706,2026-05-12T22:14:00Z
350,2025-08-16,gdn,display,banner-network-retargeting-350,tablet,10,567,2025-08-16T01:04:00Z
351,2025-07-16,gdn,display,banner-network-retargeting-351,tablet,8,443,2025-07-16T17:14:00Z
352,2025-11-02,gdn,display,banner-network-retargeting-352,mobile,6,642,2025-11-02T23:01:00Z
353,2025-05-19,gdn,display,banner-network-retargeting-353,mobile,8,639,2025-05-19T02:20:00Z
354,2025-06-16,gdn,display,banner-network-retargeting-354,tablet,5,292,2025-06-16T12:07:00Z
355,2025-08-19,gdn,display,banner-network-retargeting-355,mobile,1,641,2025-08-19T05:13:00Z
356,2025-08-04,gdn,display,banner-network-retargeting-356,mobile,2,478,2025-08-04T09:54:00Z
357,2025-10-20,gdn,display,banner-network-retargeting-357,mobile,7,324,2025-10-20T04:55:00Z
358,2026-05-20,gdn,display,banner-network-retargeting-358,mobile,1,122,2026-05-20T17:24:00Z
359,2025-08-05,gdn,display,banner-network-retargeting-359,mobile,3,398,2025-08-05T06:04:00Z
360,2026-01-16,gdn,display,banner-network-retargeting-360,tablet,6,762,2026-01-16T20:24:00Z
361,2026-02-08,gdn,display,banner-network-retargeting-361,tablet,6,374,2026-02-08T18:48:00Z
362,2025-06-20,gdn,display,banner-network-retargeting-362,tablet,3,507,2025-06-20T21:28:00Z
363,2025-10-10,gdn,display,banner-network-retargeting-363,mobile,2,315,2025-10-10T19:02:00Z
364,2025-04-14,gdn,display,banner-network-retargeting-364,desktop,9,341,2025-04-14T00:11:00Z
365,2026-04-16,gdn,display,banner-network-retargeting-365,mobile,6,75,2026-04-16T23:46:00Z
366,2026-05-31,affiliate,referral,affiliate-super-partner-366,mobile,5,709,2026-05-31T08:56:00Z
367,2026-01-07,affiliate,referral,affiliate-super-partner-367,mobile,8,154,2026-01-07T05:34:00Z
368,2025-12-31,affiliate,referral,affiliate-super-partner-368,desktop,10,10,2025-12-31T09:30:00Z
369,2026-04-22,affiliate,referral,affiliate-super-partner-369,desktop,4,77,2026-04-22T08:59:00Z
370,2025-10-02,affiliate,referral,affiliate-super-partner-370,mobile,7,758,2025-10-02T23:44:00Z
371,2025-05-13,affiliate,referral,affiliate-super-partner-371,mobile,11,503,2025-05-13T09:37:00Z
372,2026-05-30,affiliate,referral,affiliate-super-partner-372,desktop,3,376,2026-05-30T02:07:00Z
373,2025-08-12,affiliate,referral,affiliate-super-partner-373,tablet,10,478,2025-08-12T16:33:00Z
374,2025-11-25,affiliate,referral,affiliate-super-partner-374,tablet,6,228,2025-11-25T02:08:00Z
375,2026-06-22,affiliate,referral,affiliate-super-partner-375,tablet,1,306,2026-06-22T00:37:00Z
376,2025-09-12,affiliate,referral,affiliate-super-partner-376,mobile,4,461,2025-09-12T15:41:00Z
377,2025-11-09,affiliate,referral,affiliate-super-partner-377,mobile,2,536,2025-11-09T06:03:00Z
378,2026-03-24,affiliate,referral,affiliate-super-partner-378,tablet,6,524,2026-03-24T01:03:00Z
379,2025-05-22,affiliate,referral,affiliate-super-partner-379,tablet,12,558,2025-05-22T15:15:00Z
380,2025-05-14,affiliate,referral,affiliate-super-partner-380,mobile,4,606,2025-05-14T02:20:00Z
381,2025-05-18,affiliate,referral,affiliate-super-partner-381,desktop,5,244,2025-05-18T13:30:00Z
382,2025-12-30,affiliate,referral,affiliate-super-partner-382,mobile,3,656,2025-12-30T03:51:00Z
383,2025-04-08,affiliate,referral,affiliate-super-partner-383,mobile,9,89,2025-04-08T17:29:00Z
384,2025-05-20,affiliate,referral,affiliate-super-partner-384,desktop,10,697,2025-05-20T12:40:00Z
385,2025-12-25,affiliate,referral,affiliate-super-partner-385,mobile,7,318,2025-12-25T04:21:00Z
386,2026-04-25,affiliate,referral,affiliate-super-partner-386,mobile,1,426,2026-04-25T20:35:00Z
387,2026-02-28,affiliate,referral,affiliate-super-partner-387,desktop,3,894,2026-02-28T13:52:00Z
388,2026-01-22,affiliate,referral,affiliate-super-partner-388,tablet,4,260,2026-01-22T23:04:00Z
389,2025-10-08,affiliate,referral,affiliate-super-partner-389,mobile,3,733,2025-10-08T23:12:00Z
390,2025-04-07,affiliate,referral,affiliate-super-partner-390,mobile,1,64,2025-04-07T05:12:00Z
391,2025-04-28,affiliate,referral,affiliate-super-partner-391,desktop,9,452,2025-04-28T10:41:00Z
392,2026-03-20,affiliate,referral,affiliate-super-partner-392,mobile,12,29,2026-03-20T21:20:00Z
393,2026-05-31,affiliate,referral,affiliate-super-partner-393,desktop,3,305,2026-05-31T23:06:00Z
394,2025-05-20,affiliate,referral,affiliate-super-partner-394,mobile,3,37,2025-05-20T12:26:00Z
395,2025-12-02,affiliate,referral,affiliate-super-partner-395,desktop,2,332,2025-12-02T02:16:00Z
396,2025-09-11,affiliate,referral,affiliate-super-partner-396,tablet,10,589,2025-09-11T04:01:00Z
397,2026-06-15,cj,affiliate,cj-network-impact-397,mobile,7,265,2026-06-15T06:54:00Z
398,2026-04-14,cj,affiliate,cj-network-impact-398,tablet,3,141,2026-04-14T04:54:00Z
399,2025-06-09,cj,affiliate,cj-network-impact-399,mobile,1,42,2025-06-09T10:14:00Z
400,2026-06-19,cj,affiliate,cj-network-impact-400,tablet,3,198,2026-06-19T21:11:00Z
401,2025-04-25,cj,affiliate,cj-network-impact-401,mobile,7,153,2025-04-25T20:01:00Z
402,2025-05-19,cj,affiliate,cj-network-impact-402,tablet,12,638,2025-05-19T01:54:00Z
403,2025-05-09,cj,affiliate,cj-network-impact-403,desktop,4,272,2025-05-09T17:19:00Z
404,2025-07-17,cj,affiliate,cj-network-impact-404,desktop,10,113,2025-07-17T06:14:00Z
405,2026-02-23,cj,affiliate,cj-network-impact-405,desktop,6,195,2026-02-23T16:24:00Z
406,2025-05-30,cj,affiliate,cj-network-impact-406,desktop,3,259,2025-05-30T23:38:00Z
407,2025-08-09,cj,affiliate,cj-network-impact-407,mobile,7,705,2025-08-09T09:21:00Z
408,2025-06-04,cj,affiliate,cj-network-impact-408,desktop,5,200,2025-06-04T16:25:00Z
409,2025-08-31,cj,affiliate,cj-network-impact-409,mobile,10,463,2025-08-31T13:50:00Z
410,2025-04-03,cj,affiliate,cj-network-impact-410,desktop,5,607,2025-04-03T16:27:00Z
411,2025-11-06,cj,affiliate,cj-network-impact-411,desktop,5,188,2025-11-06T23:03:00Z
412,2026-04-09,cj,affiliate,cj-network-impact-412,tablet,6,263,2026-04-09T13:48:00Z
413,2025-11-19,cj,affiliate,cj-network-impact-413,tablet,11,494,2025-11-19T20:57:00Z
414,2026-06-18,cj,affiliate,cj-network-impact-414,desktop,5,687,2026-06-18T18:35:00Z
415,2026-02-21,cj,affiliate,cj-network-impact-415,tablet,6,191,2026-02-21T19:30:00Z
416,2026-05-31,cj,affiliate,cj-network-impact-416,desktop,6,424,2026-05-31T02:21:00Z
417,2026-03-19,cj,affiliate,cj-network-impact-417,desktop,7,423,2026-03-19T11:52:00Z
418,2025-09-18,cj,affiliate,cj-network-impact-418,tablet,2,283,2025-09-18T15:48:00Z
419,2025-10-17,cj,affiliate,cj-network-impact-419,desktop,6,816,2025-10-17T07:55:00Z
420,2026-02-22,cj,affiliate,cj-network-impact-420,tablet,1,644,2026-02-22T13:26:00Z
421,2025-09-01,cj,affiliate,cj-network-impact-421,desktop,5,494,2025-09-01T11:14:00Z
422,2025-08-06,cj,affiliate,cj-network-impact-422,mobile,10,724,2025-08-06T11:10:00Z
423,2025-08-26,cj,affiliate,cj-network-impact-423,mobile,5,793,2025-08-26T12:27:00Z
424,2026-04-04,cj,affiliate,cj-network-impact-424,mobile,11,248,2026-04-04T10:13:00Z
425,2026-01-23,email,email,jan-promo-blast-425,tablet,12,726,2026-01-23T13:08:00Z
426,2026-04-26,email,email,jan-promo-blast-426,tablet,10,574,2026-04-26T10:47:00Z
427,2025-08-06,email,email,jan-promo-blast-427,desktop,5,217,2025-08-06T22:48:00Z
428,2025-10-16,email,email,jan-promo-blast-428,mobile,10,164,2025-10-16T09:06:00Z
429,2025-09-21,email,email,jan-promo-blast-429,mobile,2,170,2025-09-21T20:29:00Z
430,2026-06-17,email,email,jan-promo-blast-430,tablet,12,438,2026-06-17T06:47:00Z
431,2026-02-15,email,email,jan-promo-blast-431,tablet,4,341,2026-02-15T08:13:00Z
432,2026-03-04,email,email,jan-promo-blast-432,mobile,7,571,2026-03-04T10:32:00Z
433,2026-04-19,email,email,jan-promo-blast-433,mobile,4,694,2026-04-19T18:01:00Z
434,2025-10-29,email,email,jan-promo-blast-434,desktop,7,758,2025-10-29T17:09:00Z
435,2025-08-30,email,email,jan-promo-blast-435,tablet,8,614,2025-08-30T20:15:00Z
436,2026-02-10,email,email,jan-promo-blast-436,tablet,9,816,2026-02-10T21:04:00Z
437,2025-10-30,email,email,jan-promo-blast-437,desktop,6,891,2025-10-30T07:43:00Z
438,2025-12-13,email,email,jan-promo-blast-438,desktop,2,413,2025-12-13T16:41:00Z
439,2025-07-10,email,email,jan-promo-blast-439,tablet,8,100,2025-07-10T00:15:00Z
440,2025-04-12,email,email,jan-promo-blast-440,mobile,4,495,2025-04-12T04:24:00Z
441,2025-05-01,email,email,jan-promo-blast-441,mobile,12,180,2025-05-01T00:06:00Z
442,2025-08-19,email,email,jan-promo-blast-442,tablet,10,443,2025-08-19T15:35:00Z
443,2026-03-31,email,email,jan-promo-blast-443,desktop,9,153,2026-03-31T12:46:00Z
444,2025-08-19,email,email,jan-promo-blast-444,tablet,4,130,2025-08-19T04:07:00Z
445,2025-08-25,email,email,jan-promo-blast-445,mobile,4,616,2025-08-25T09:50:00Z
446,2026-05-01,email,email,jan-promo-blast-446,mobile,7,198,2026-05-01T10:41:00Z
447,2025-08-21,email,email,jan-promo-blast-447,desktop,12,602,2025-08-21T20:10:00Z
448,2025-10-16,email,email,jan-promo-blast-448,tablet,5,362,2025-10-16T12:13:00Z
449,2026-05-23,email,email,jan-promo-blast-449,desktop,10,121,2026-05-23T14:08:00Z
450,2026-04-19,email,email,jan-promo-blast-450,tablet,10,655,2026-04-19T09:00:00Z
451,2025-07-20,email,email,jan-promo-blast-451,mobile,10,278,2025-07-20T16:54:00Z
452,2026-03-07,email,email,jan-promo-blast-452,desktop,11,122,2026-03-07T05:41:00Z
453,2025-10-29,email,email,jan-promo-blast-453,tablet,7,745,2025-10-29T09:36:00Z
454,2025-11-22,email,email,jan-promo-blast-454,desktop,10,429,2025-11-22T14:43:00Z
455,2025-04-14,email,email,jan-promo-blast-455,mobile,11,573,2025-04-14T07:13:00Z
456,2025-09-16,email,email,jan-promo-blast-456,desktop,10,123,2025-09-16T01:06:00Z
457,2025-10-17,email,email,jan-promo-blast-457,desktop,3,368,2025-10-17T18:01:00Z
458,2025-05-29,email,email,jan-promo-blast-458,mobile,12,262,2025-05-29T18:38:00Z
459,2025-08-18,email,email,jan-promo-blast-459,tablet,10,44,2025-08-18T02:12:00Z
460,2025-07-25,email,email,jan-promo-blast-460,desktop,5,288,2025-07-25T06:30:00Z
461,2026-03-07,email,email,jan-promo-blast-461,mobile,8,682,2026-03-07T06:43:00Z
462,2025-08-19,email,email,jan-promo-blast-462,tablet,2,298,2025-08-19T01:52:00Z
463,2026-01-14,email,email,jan-promo-blast-463,tablet,12,281,2026-01-14T02:46:00Z
464,2025-05-02,email,email,jan-promo-blast-464,desktop,7,515,2025-05-02T19:13:00Z
465,2025-04-20,email,email,jan-promo-blast-465,desktop,5,567,2025-04-20T02:06:00Z
466,2025-10-23,email,email,jan-promo-blast-466,desktop,5,602,2025-10-23T20:45:00Z
467,2026-03-06,email,email,newsletter-weekly-digest-467,tablet,2,800,2026-03-06T00:03:00Z
468,2026-06-09,email,email,newsletter-weekly-digest-468,mobile,11,175,2026-06-09T01:09:00Z
469,2025-12-28,email,email,newsletter-weekly-digest-469,tablet,7,883,2025-12-28T13:59:00Z
470,2025-05-31,email,email,newsletter-weekly-digest-470,mobile,9,43,2025-05-31T23:04:00Z
471,2026-06-23,email,email,newsletter-weekly-digest-471,tablet,10,50,2026-06-23T07:18:00Z
472,2025-06-13,email,email,newsletter-weekly-digest-472,desktop,4,274,2025-06-13T16:57:00Z
473,2026-04-16,email,email,newsletter-weekly-digest-473,mobile,5,576,2026-04-16T08:56:00Z
474,2025-06-19,email,email,newsletter-weekly-digest-474,desktop,4,336,2025-06-19T06:04:00Z
475,2025-11-04,email,email,newsletter-weekly-digest-475,desktop,12,499,2025-11-04T18:42:00Z
476,2025-05-20,email,email,newsletter-weekly-digest-476,mobile,10,112,2025-05-20T06:58:00Z
477,2026-01-04,email,email,newsletter-weekly-digest-477,mobile,1,91,2026-01-04T10:50:00Z
478,2025-12-03,email,email,newsletter-weekly-digest-478,desktop,12,98,2025-12-03T15:07:00Z
479,2025-07-14,email,email,newsletter-weekly-digest-479,desktop,12,110,2025-07-14T18:43:00Z
480,2025-09-06,email,email,newsletter-weekly-digest-480,desktop,3,320,2025-09-06T14:42:00Z
481,2026-06-19,email,email,newsletter-weekly-digest-481,desktop,3,543,2026-06-19T17:51:00Z
482,2026-03-02,email,email,newsletter-weekly-digest-482,desktop,5,104,2026-03-02T03:08:00Z
483,2026-06-05,email,email,newsletter-weekly-digest-483,tablet,8,881,2026-06-05T20:19:00Z
484,2025-09-10,email,email,newsletter-weekly-digest-484,desktop,8,723,2025-09-10T02:49:00Z
485,2026-02-06,email,email,newsletter-weekly-digest-485,desktop,7,497,2026-02-06T16:23:00Z
486,2025-12-08,email,email,newsletter-weekly-digest-486,mobile,5,890,2025-12-08T13:12:00Z
487,2026-02-04,email,email,newsletter-weekly-digest-487,desktop,4,577,2026-02-04T02:02:00Z
488,2026-02-21,email,email,newsletter-weekly-digest-488,mobile,5,639,2026-02-21T03:42:00Z
489,2025-10-12,email,email,newsletter-weekly-digest-489,desktop,10,303,2025-10-12T05:15:00Z
490,2026-02-23,email,email,newsletter-weekly-digest-490,desktop,2,366,2026-02-23T09:56:00Z
491,2025-04-25,email,email,newsletter-weekly-digest-491,desktop,12,253,2025-04-25T02:58:00Z
492,2025-09-19,email,email,newsletter-weekly-digest-492,desktop,6,62,2025-09-19T13:38:00Z
493,2026-03-06,email,email,newsletter-weekly-digest-493,mobile,11,199,2026-03-06T12:04:00Z
494,2025-10-26,email,email,newsletter-weekly-digest-494,tablet,5,843,2025-10-26T11:21:00Z
495,2025-06-25,email,email,newsletter-weekly-digest-495,mobile,3,785,2025-06-25T20:31:00Z
496,2026-04-14,email,email,newsletter-weekly-digest-496,mobile,2,12,2026-04-14T04:40:00Z
497,2025-10-04,email,email,newsletter-weekly-digest-497,mobile,8,747,2025-10-04T02:59:00Z
498,2026-03-29,email,email,newsletter-weekly-digest-498,mobile,10,565,2026-03-29T19:45:00Z
499,2026-02-09,email,email,newsletter-weekly-digest-499,mobile,9,548,2026-02-09T11:27:00Z
500,2025-10-17,email,email,newsletter-weekly-digest-500,tablet,5,528,2025-10-17T18:38:00Z
501,2025-07-23,email,email,newsletter-weekly-digest-501,desktop,1,388,2025-07-23T03:37:00Z
502,2026-02-16,email,email,newsletter-weekly-digest-502,tablet,12,358,2026-02-16T13:28:00Z
503,2025-09-26,email,email,newsletter-weekly-digest-503,tablet,7,223,2025-09-26T11:23:00Z
504,2026-05-04,email,email,newsletter-weekly-digest-504,tablet,5,159,2026-05-04T05:28:00Z
505,2026-02-21,email,email,newsletter-weekly-digest-505,tablet,2,476,2026-02-21T04:24:00Z
506,2025-10-24,email,email,newsletter-weekly-digest-506,desktop,11,380,2025-10-24T12:23:00Z
507,2025-04-14,email,email,newsletter-weekly-digest-507,mobile,7,18,2025-04-14T15:01:00Z
508,2026-03-06,email,email,newsletter-weekly-digest-508,desktop,2,311,2026-03-06T20:58:00Z
509,2025-08-19,email,email,newsletter-weekly-digest-509,desktop,4,15,2025-08-19T12:32:00Z
510,2025-11-02,referral-partner-site,referral,jan-collab-510,desktop,5,51,2025-11-02T22:32:00Z
511,2025-11-14,referral-partner-site,referral,jan-collab-511,desktop,1,13,2025-11-14T20:52:00Z
512,2025-10-28,referral-partner-site,referral,jan-collab-512,mobile,9,623,2025-10-28T01:43:00Z
513,2025-08-18,referral-partner-site,referral,jan-collab-513,desktop,8,148,2025-08-18T17:09:00Z
514,2025-04-04,referral-partner-site,referral,jan-collab-514,mobile,7,182,2025-04-04T06:32:00Z
515,2026-04-04,referral-partner-site,referral,jan-collab-515,desktop,2,369,2026-04-04T21:10:00Z
516,2025-06-11,referral-partner-site,referral,jan-collab-516,desktop,3,575,2025-06-11T04:11:00Z
517,2025-06-29,referral-partner-site,referral,jan-collab-517,tablet,3,300,2025-06-29T00:34:00Z
518,2025-08-21,referral-partner-site,referral,jan-collab-518,mobile,6,897,2025-08-21T04:33:00Z
519,2025-07-08,referral-partner-site,referral,jan-collab-519,mobile,10,615,2025-07-08T19:19:00Z
520,2025-04-17,referral-partner-site,referral,jan-collab-520,desktop,5,104,2025-04-17T01:46:00Z
521,2026-04-20,referral-partner-site,referral,jan-collab-521,tablet,5,473,2026-04-20T19:51:00Z
522,2025-05-30,referral-partner-site,referral,jan-collab-522,desktop,6,810,2025-05-30T03:45:00Z
523,2025-05-30,referral-partner-site,referral,jan-collab-523,desktop,6,693,2025-05-30T00:52:00Z
524,2026-06-11,referral-partner-site,referral,jan-collab-524,mobile,4,336,2026-06-11T14:59:00Z
525,2025-06-14,referral-partner-site,referral,jan-collab-525,desktop,11,553,2025-06-14T18:08:00Z
526,2026-05-28,referral-partner-site,referral,jan-collab-526,desktop,7,306,2026-05-28T03:40:00Z
527,2026-03-25,referral-partner-site,referral,jan-collab-527,tablet,6,511,2026-03-25T17:02:00Z
528,2026-02-01,referral-partner-site,referral,jan-collab-528,mobile,9,256,2026-02-01T00:08:00Z
529,2026-01-02,referral-partner-site,referral,jan-collab-529,desktop,2,34,2026-01-02T09:06:00Z
530,2026-02-13,referral-partner-site,referral,jan-collab-530,mobile,12,347,2026-02-13T07:19:00Z
531,2025-05-10,referral-partner-site,referral,jan-collab-531,tablet,6,787,2025-05-10T04:50:00Z
532,2026-04-26,referral-partner-site,referral,jan-collab-532,tablet,2,681,2026-04-26T08:18:00Z
533,2025-11-27,referral-partner-site,referral,jan-collab-533,tablet,7,829,2025-11-27T14:18:00Z
534,2026-04-11,referral-partner-site,referral,jan-collab-534,tablet,3,573,2026-04-11T01:11:00Z
535,2025-05-14,referral-partner-site,referral,jan-collab-535,tablet,9,700,2025-05-14T17:59:00Z
536,2026-02-07,referral-partner-site,referral,jan-collab-536,desktop,1,404,2026-02-07T07:48:00Z
537,2025-09-24,referral-partner-site,referral,jan-collab-537,mobile,9,667,2025-09-24T22:01:00Z
538,2026-03-11,referral-partner-site,referral,jan-collab-538,desktop,8,581,2026-03-11T18:49:00Z
539,2025-05-30,referral-partner-site,referral,jan-collab-539,tablet,3,109,2025-05-30T07:52:00Z
540,2026-03-05,referral-partner-site,referral,jan-collab-540,tablet,12,745,2026-03-05T14:16:00Z
541,2025-08-01,referral-partner-site,referral,jan-collab-541,tablet,7,620,2025-08-01T18:00:00Z
542,2025-09-11,referral-partner-site,referral,jan-collab-542,mobile,9,340,2025-09-11T11:58:00Z
543,2025-12-09,referral-partner-site,referral,jan-collab-543,mobile,10,595,2025-12-09T09:44:00Z
544,2026-04-29,referral-partner-site,referral,jan-collab-544,desktop,9,787,2026-04-29T08:11:00Z
545,2026-01-20,referral-partner-site,referral,jan-collab-545,tablet,1,864,2026-01-20T13:38:00Z
546,2025-11-07,referral-partner-site,referral,jan-collab-546,tablet,11,60,2025-11-07T22:19:00Z
547,2025-10-01,referral-partner-site,referral,jan-collab-547,desktop,9,632,2025-10-01T17:27:00Z
548,2025-04-08,referral-partner-site,referral,jan-collab-548,mobile,2,755,2025-04-08T01:24:00Z
549,2025-09-17,referral-partner-site,referral,jan-collab-549,mobile,8,256,2025-09-17T07:28:00Z
550,2026-04-23,referral-partner-site,referral,jan-collab-550,mobile,6,464,2026-04-23T01:05:00Z
551,2025-10-22,referral-partner-site,referral,jan-collab-551,mobile,3,464,2025-10-22T13:05:00Z
552,2025-07-24,referral-partner-site,referral,jan-collab-552,mobile,11,583,2025-07-24T02:19:00Z
553,2026-01-26,referral-partner-site,referral,jan-collab-553,tablet,1,153,2026-01-26T11:14:00Z
554,2026-02-20,referral-partner-site,referral,jan-collab-554,desktop,9,297,2026-02-20T06:30:00Z
555,2026-02-10,facebook,lead_ad,leadgen-form-555,tablet,3,665,2026-02-10T19:54:00Z
556,2025-10-21,facebook,lead_ad,leadgen-form-556,mobile,5,318,2025-10-21T14:49:00Z
557,2026-06-03,facebook,lead_ad,leadgen-form-557,mobile,3,340,2026-06-03T00:34:00Z
558,2025-08-23,facebook,lead_ad,leadgen-form-558,tablet,3,256,2025-08-23T23:09:00Z
559,2025-08-07,facebook,lead_ad,leadgen-form-559,desktop,4,318,2025-08-07T16:00:00Z
560,2026-04-28,facebook,lead_ad,leadgen-form-560,desktop,5,91,2026-04-28T14:45:00Z
561,2025-06-04,facebook,lead_ad,leadgen-form-561,mobile,2,747,2025-06-04T10:21:00Z
562,2025-08-05,facebook,lead_ad,leadgen-form-562,mobile,10,120,2025-08-05T10:34:00Z
563,2025-09-21,facebook,lead_ad,leadgen-form-563,mobile,8,298,2025-09-21T18:59:00Z
564,2025-04-15,facebook,lead_ad,leadgen-form-564,mobile,3,864,2025-04-15T15:36:00Z
565,2026-05-20,facebook,lead_ad,leadgen-form-565,mobile,1,176,2026-05-20T08:10:00Z
566,2025-10-06,facebook,lead_ad,leadgen-form-566,mobile,1,254,2025-10-06T06:14:00Z
567,2026-03-03,facebook,lead_ad,leadgen-form-567,desktop,10,823,2026-03-03T10:43:00Z
568,2026-02-02,facebook,lead_ad,leadgen-form-568,mobile,6,195,2026-02-02T07:54:00Z
569,2025-05-13,facebook,lead_ad,leadgen-form-569,mobile,11,560,2025-05-13T04:33:00Z
570,2025-10-16,facebook,lead_ad,leadgen-form-570,desktop,1,296,2025-10-16T00:58:00Z
571,2026-05-30,facebook,lead_ad,leadgen-form-571,desktop,10,455,2026-05-30T12:11:00Z
572,2026-06-26,facebook,lead_ad,leadgen-form-572,tablet,10,624,2026-06-26T02:28:00Z
573,2025-06-20,facebook,lead_ad,leadgen-form-573,desktop,8,312,2025-06-20T05:38:00Z
574,2025-06-11,facebook,lead_ad,leadgen-form-574,desktop,1,319,2025-06-11T02:26:00Z
575,2025-11-24,facebook,lead_ad,leadgen-form-575,tablet,3,132,2025-11-24T11:43:00Z
576,2025-08-02,facebook,lead_ad,leadgen-form-576,tablet,3,425,2025-08-02T12:38:00Z
577,2025-07-17,facebook,lead_ad,leadgen-form-577,mobile,1,415,2025-07-17T07:08:00Z
578,2026-05-25,facebook,lead_ad,leadgen-form-578,mobile,1,230,2026-05-25T03:53:00Z
579,2025-07-28,facebook,lead_ad,leadgen-form-579,tablet,3,522,2025-07-28T01:19:00Z
580,2025-12-29,facebook,lead_ad,leadgen-form-580,mobile,1,199,2025-12-29T04:02:00Z
581,2025-11-01,facebook,lead_ad,leadgen-form-581,desktop,11,609,2025-11-01T01:06:00Z
582,2026-01-21,facebook,lead_ad,leadgen-form-582,desktop,11,259,2026-01-21T06:23:00Z
583,2026-02-11,facebook,lead_ad,leadgen-form-583,desktop,8,628,2026-02-11T15:05:00Z
584,2026-02-04,facebook,lead_ad,leadgen-form-584,desktop,1,69,2026-02-04T20:01:00Z
585,2025-07-04,facebook,lead_ad,leadgen-form-585,tablet,10,673,2025-07-04T10:27:00Z
586,2025-05-21,facebook,lead_ad,leadgen-form-586,mobile,3,198,2025-05-21T10:24:00Z
587,2026-04-02,facebook,lead_ad,leadgen-form-587,tablet,11,297,2026-04-02T22:31:00Z
588,2025-05-03,facebook,lead_ad,leadgen-form-588,tablet,12,387,2025-05-03T11:38:00Z
589,2025-09-06,facebook,lead_ad,leadgen-form-589,desktop,12,470,2025-09-06T18:39:00Z
590,2026-05-21,facebook,lead_ad,leadgen-form-590,desktop,4,10,2026-05-21T09:50:00Z
591,2026-05-05,facebook,lead_ad,leadgen-form-591,mobile,12,833,2026-05-05T06:08:00Z
592,2025-05-13,direct,none,(direct)-592,mobile,11,652,2025-05-13T14:29:00Z
593,2026-05-06,direct,none,(direct)-593,tablet,2,301,2026-05-06T10:24:00Z
594,2025-08-27,direct,none,(direct)-594,mobile,12,304,2025-08-27T07:28:00Z
595,2025-04-07,direct,none,(direct)-595,tablet,2,639,2025-04-07T09:48:00Z
596,2025-09-28,direct,none,(direct)-596,desktop,11,639,2025-09-28T22:58:00Z
597,2025-05-24,direct,none,(direct)-597,desktop,11,472,2025-05-24T15:27:00Z
598,2025-11-02,direct,none,(direct)-598,tablet,7,358,2025-11-02T01:22:00Z
599,2025-06-30,direct,none,(direct)-599,tablet,8,673,2025-06-30T13:04:00Z
600,2025-06-04,direct,none,(direct)-600,desktop,10,173,2025-06-04T17:05:00Z
601,2026-05-26,direct,none,(direct)-601,tablet,11,338,2026-05-26T15:35:00Z
602,2025-04-29,direct,none,(direct)-602,mobile,11,85,2025-04-29T23:39:00Z
603,2025-05-01,direct,none,(direct)-603,desktop,3,261,2025-05-01T02:43:00Z
604,2025-05-29,direct,none,(direct)-604,mobile,8,651,2025-05-29T17:43:00Z
605,2025-11-13,direct,none,(direct)-605,desktop,7,654,2025-11-13T15:40:00Z
606,2025-11-05,direct,none,(direct)-606,desktop,6,261,2025-11-05T04:09:00Z
607,2025-07-11,direct,none,(direct)-607,tablet,8,136,2025-07-11T17:22:00Z
608,2026-01-25,direct,none,(direct)-608,desktop,2,899,2026-01-25T04:24:00Z
609,2026-05-25,direct,none,(direct)-609,tablet,9,747,2026-05-25T09:41:00Z
610,2025-12-19,direct,none,(direct)-610,mobile,7,235,2025-12-19T15:05:00Z
611,2025-05-13,direct,none,(direct)-611,mobile,3,630,2025-05-13T09:12:00Z
612,2025-04-12,direct,none,(direct)-612,desktop,1,774,2025-04-12T07:29:00Z
613,2026-05-31,direct,none,(direct)-613,mobile,4,593,2026-05-31T17:36:00Z
614,2026-03-23,direct,none,(direct)-614,desktop,4,729,2026-03-23T22:04:00Z
615,2025-07-16,direct,none,(direct)-615,desktop,5,457,2025-07-16T11:38:00Z
616,2026-03-04,direct,none,(direct)-616,tablet,9,881,2026-03-04T12:24:00Z
617,2026-02-08,direct,none,(direct)-617,desktop,3,500,2026-02-08T17:45:00Z
618,2025-08-11,direct,none,(direct)-618,desktop,8,684,2025-08-11T17:12:00Z
619,2026-05-16,direct,none,(direct)-619,tablet,8,432,2026-05-16T10:36:00Z
620,2025-05-07,direct,none,(direct)-620,mobile,4,546,2025-05-07T04:02:00Z
621,2025-05-19,direct,none,(direct)-621,desktop,5,693,2025-05-19T00:52:00Z
622,2025-10-16,direct,none,(direct)-622,mobile,3,727,2025-10-16T13:25:00Z
623,2025-08-28,direct,none,(direct)-623,desktop,7,465,2025-08-28T07:55:00Z
